station,year,month,tmean,tmin,tmax,rh,wind,rainfall,sunshine,solar_rad,evaporation,eto,date,month_sin,month_cos
الخالص,1994,1,11.3,6.2,17.6,82.0,1.5,28.8,5.5,281.18399999999997,42.9,38.45,1994-01-01,0.49999999999999994,0.8660254037844387
بلدروز,1994,1,10.3,5.4,17.2,71.0,2.1,1.6,6.1,300.672,67.0,48.36,1994-01-01,0.49999999999999994,0.8660254037844387
خانقين,1994,1,11.8,6.5,18.2,81.0,1.4,71.3,5.5,272.832,50.9,,1994-01-01,0.49999999999999994,0.8660254037844387
الخالص,1994,2,11.5,5.6,18.4,68.0,2.0,7.2,7.1,384.192,62.7,58.42,1994-02-01,0.8660254037844386,0.5000000000000001
بلدروز,1994,2,13.6,7.1,19.6,69.0,2.3,0.9,6.8,378.624,89.7,61.65,1994-02-01,0.8660254037844386,0.5000000000000001
خانقين,1994,2,11.5,5.3,18.1,80.0,2.4,13.8,6.5,361.9199999999999,47.2,,1994-02-01,0.8660254037844386,0.5000000000000001
الخالص,1994,3,16.5,9.8,23.1,62.0,2.5,28.9,7.3,470.49599999999987,122.9,99.18,1994-03-01,1.0,6.123233995736766e-17
بلدروز,1994,3,16.3,11.4,23.7,56.0,2.7,1.0,8.4,512.256,162.4,112.6,1994-03-01,1.0,6.123233995736766e-17
خانقين,1994,3,16.1,9.7,23.6,69.0,1.9,47.5,7.1,459.36,122.0,,1994-03-01,1.0,6.123233995736766e-17
الخالص,1994,4,23.5,16.5,31.6,53.0,2.9,1.1,8.9,601.344,185.8,160.89,1994-04-01,0.8660254037844387,-0.4999999999999998
بلدروز,1994,4,23.1,17.2,31.9,41.0,3.2,0.0,8.1,570.7199999999999,240.0,175.38,1994-04-01,0.8660254037844387,-0.4999999999999998
خانقين,1994,4,24.1,15.1,32.5,61.0,2.9,22.2,8.1,565.1519999999999,160.4,,1994-04-01,0.8660254037844387,-0.4999999999999998
الخالص,1994,5,27.3,18.2,36.1,43.0,2.2,1.0,10.5,704.352,272.7,197.72,1994-05-01,0.49999999999999994,-0.8660254037844387
بلدروز,1994,5,31.6,22.8,37.4,24.0,2.9,0.0,10.3,696.0,358.7,239.62,1994-05-01,0.49999999999999994,-0.8660254037844387
خانقين,1994,5,28.8,19.0,37.3,40.0,2.4,5.3,10.0,682.08,355.5,,1994-05-01,0.49999999999999994,-0.8660254037844387
الخالص,1994,6,31.0,21.5,40.0,41.0,3.3,0.0,12.5,796.224,347.1,255.71,1994-06-01,1.2246467991473532e-16,-1.0
بلدروز,1994,6,34.2,25.4,42.8,21.0,3.5,0.0,12.1,779.52,427.0,290.53,1994-06-01,1.2246467991473532e-16,-1.0
خانقين,1994,6,32.9,23.0,41.8,34.0,2.2,0.8,12.2,782.3039999999999,519.6,,1994-06-01,1.2246467991473532e-16,-1.0
الخالص,1994,7,32.5,23.4,41.8,41.0,3.7,0.0,12.5,787.8720000000001,312.6,283.46,1994-07-01,-0.4999999999999997,-0.8660254037844388
بلدروز,1994,7,36.4,28.4,43.3,24.0,3.7,0.0,11.6,751.6800000000001,483.3,310.45,1994-07-01,-0.4999999999999997,-0.8660254037844388
خانقين,1994,7,35.2,25.8,43.9,39.0,2.2,0.0,12.0,765.5999999999999,542.4,,1994-07-01,-0.4999999999999997,-0.8660254037844388
الخالص,1994,8,31.2,21.7,41.7,39.0,2.5,0.0,12.1,737.76,297.0,240.25,1994-08-01,-0.8660254037844384,-0.5000000000000004
بلدروز,1994,8,35.3,25.6,44.1,22.0,2.9,0.0,12.0,734.9759999999999,474.1,274.94,1994-08-01,-0.8660254037844384,-0.5000000000000004
خانقين,1994,8,33.7,24.1,43.3,34.0,1.7,0.0,11.7,718.272,502.5,,1994-08-01,-0.8660254037844384,-0.5000000000000004
الخالص,1994,9,29.4,20.5,39.2,45.0,1.0,0.4,9.7,579.072,242.0,145.33,1994-09-01,-1.0,-1.8369701987210297e-16
بلدروز,1994,9,32.6,24.3,41.1,25.0,1.4,0.001,9.9,590.208,345.6,166.24,1994-09-01,-1.0,-1.8369701987210297e-16
خانقين,1994,9,32.3,24.5,40.9,31.0,1.9,0.1,9.7,573.504,389.6,,1994-09-01,-1.0,-1.8369701987210297e-16
الخالص,1994,10,24.0,17.3,32.41,60.0,1.3,32.3,7.6,423.168,162.5,107.84,1994-10-01,-0.8660254037844386,0.5000000000000001
بلدروز,1994,10,25.8,19.0,33.5,45.0,1.5,111.8,8.1,442.65599999999995,202.3,125.17,1994-10-01,-0.8660254037844386,0.5000000000000001
خانقين,1994,10,25.5,18.6,33.8,29.0,1.7,52.0,8.0,428.736,229.3,,1994-10-01,-0.8660254037844386,0.5000000000000001
الخالص,1994,11,15.5,11.0,21.1,82.0,1.8,47.6,5.8,300.672,56.3,56.22,1994-11-01,-0.5000000000000004,0.8660254037844384
بلدروز,1994,11,17.2,13.6,21.9,74.0,2.3,166.2,5.3,289.536,91.9,66.89,1994-11-01,-0.5000000000000004,0.8660254037844384
خانقين,1994,11,15.6,11.5,21.1,68.0,1.7,132.3,5.1,275.616,62.0,,1994-11-01,-0.5000000000000004,0.8660254037844384
الخالص,1994,12,7.7,3.2,13.2,78.0,1.8,38.5,5.3,256.128,40.5,35.48,1994-12-01,-2.4492935982947064e-16,1.0
بلدروز,1994,12,8.6,4.8,13.6,74.0,1.8,25.2,5.8,272.832,48.7,40.03,1994-12-01,-2.4492935982947064e-16,1.0
خانقين,1994,12,7.8,3.7,13.8,66.0,1.3,50.8,4.9,239.42399999999998,55.4,,1994-12-01,-2.4492935982947064e-16,1.0
الخالص,1995,1,10.3,5.6,16.3,82.0,1.3,8.4,6.1,295.104,44.1,36.57,1995-01-01,0.49999999999999994,0.8660254037844387
بلدروز,1995,1,11.7,6.7,17.4,73.0,2.3,2.2,6.7,314.592,71.6,50.68,1995-01-01,0.49999999999999994,0.8660254037844387
خانقين,1995,1,10.9,5.1,17.6,73.0,1.4,6.4,6.4,297.888,59.1,,1995-01-01,0.49999999999999994,0.8660254037844387
الخالص,1995,2,12.2,6.9,18.4,77.0,2.3,37.4,6.8,375.84000000000003,61.2,54.1,1995-02-01,0.8660254037844386,0.5000000000000001
بلدروز,1995,2,13.5,8.0,19.3,68.0,2.1,19.3,7.3,395.32800000000003,91.8,60.97,1995-02-01,0.8660254037844386,0.5000000000000001
خانقين,1995,2,12.3,6.6,19.0,66.0,1.9,67.0,6.4,356.35200000000003,67.3,,1995-02-01,0.8660254037844386,0.5000000000000001
الخالص,1995,3,16.1,9.7,22.9,64.0,2.2,37.6,8.6,517.8240000000001,125.1,99.38,1995-03-01,1.0,6.123233995736766e-17
بلدروز,1995,3,17.8,11.9,23.9,54.0,3.2,45.4,8.6,520.608,182.8,123.47,1995-03-01,1.0,6.123233995736766e-17
خانقين,1995,3,15.5,9.0,23.1,69.0,1.8,64.4,8.1,492.76800000000003,111.7,,1995-03-01,1.0,6.123233995736766e-17
الخالص,1995,4,20.4,13.9,27.2,60.0,3.8,30.3,8.1,567.936,165.7,143.2,1995-04-01,0.8660254037844387,-0.4999999999999998
بلدروز,1995,4,22.5,16.3,28.7,50.0,3.9,4.8,8.0,567.936,268.0,162.68,1995-04-01,0.8660254037844387,-0.4999999999999998
خانقين,1995,4,20.1,13.1,27.3,51.0,2.6,78.2,7.6,545.664,228.1,,1995-04-01,0.8660254037844387,-0.4999999999999998
الخالص,1995,5,28.2,19.8,35.9,42.0,2.6,4.0,10.9,721.056,303.2,208.75,1995-05-01,0.49999999999999994,-0.8660254037844387
بلدروز,1995,5,31.2,23.6,38.0,29.0,3.4,0.0,10.9,721.056,401.5,256.73,1995-05-01,0.49999999999999994,-0.8660254037844387
خانقين,1995,5,29.6,21.6,37.5,30.0,3.5,12.3,10.1,684.864,350.6,,1995-05-01,0.49999999999999994,-0.8660254037844387
الخالص,1995,6,31.2,22.3,39.4,41.0,2.3,16.2,12.4,793.4399999999998,337.8,227.34,1995-06-01,1.2246467991473532e-16,-1.0
بلدروز,1995,6,34.4,25.8,42.2,26.0,3.1,0.0,12.6,801.792,469.2,274.63,1995-06-01,1.2246467991473532e-16,-1.0
خانقين,1995,6,33.4,24.7,41.7,30.0,2.6,0.2,12.3,787.8720000000001,520.9,,1995-06-01,1.2246467991473532e-16,-1.0
الخالص,1995,7,32.2,23.6,40.4,36.0,2.9,0.0,12.5,787.8720000000001,365.0,259.36,1995-07-01,-0.4999999999999997,-0.8660254037844388
بلدروز,1995,7,35.7,27.6,43.3,26.0,4.8,0.0,12.4,785.0880000000001,552.4,347.05,1995-07-01,-0.4999999999999997,-0.8660254037844388
خانقين,1995,7,34.1,24.9,42.9,21.0,2.3,0.0,12.1,771.1679999999999,509.5,,1995-07-01,-0.4999999999999997,-0.8660254037844388
الخالص,1995,8,31.8,22.1,41.3,43.0,1.3,0.0,12.3,746.1120000000001,340.7,200.33,1995-08-01,-0.8660254037844384,-0.5000000000000004
بلدروز,1995,8,35.8,26.2,44.6,24.0,4.4,0.0,12.2,743.3279999999999,534.4,332.82,1995-08-01,-0.8660254037844384,-0.5000000000000004
خانقين,1995,8,33.9,24.0,44.4,20.0,1.9,0.0,11.7,718.272,467.8,,1995-08-01,-0.8660254037844384,-0.5000000000000004
الخالص,1995,9,27.6,18.5,36.9,50.0,1.2,0.4,9.5,570.7199999999999,227.0,142.76,1995-09-01,-1.0,-1.8369701987210297e-16
بلدروز,1995,9,30.7,21.8,39.9,31.0,2.6,0.0,10.8,623.616,326.6,208.49,1995-09-01,-1.0,-1.8369701987210297e-16
خانقين,1995,9,29.6,20.4,39.2,27.0,1.8,0.8,10.5,604.1279999999999,320.4,,1995-09-01,-1.0,-1.8369701987210297e-16
الخالص,1995,10,22.1,13.5,31.6,50.0,1.2,0.0,9.4,478.84799999999996,150.9,108.51,1995-10-01,-0.8660254037844386,0.5000000000000001
بلدروز,1995,10,24.6,16.2,33.8,32.0,2.3,0.0,9.8,495.552,227.8,155.74,1995-10-01,-0.8660254037844386,0.5000000000000001
خانقين,1995,10,23.9,15.3,33.9,34.0,1.5,0.0,9.3,470.49599999999987,248.7,,1995-10-01,-0.8660254037844386,0.5000000000000001
الخالص,1995,11,14.7,8.0,22.7,63.0,1.7,0.1,8.0,359.136,99.6,68.35,1995-11-01,-0.5000000000000004,0.8660254037844384
بلدروز,1995,11,16.9,9.8,25.0,41.0,2.8,0.6,7.8,359.136,141.5,107.62,1995-11-01,-0.5000000000000004,0.8660254037844384
خانقين,1995,11,15.6,8.8,24.6,53.0,1.6,24.2,7.8,348.0,114.84,,1995-11-01,-0.5000000000000004,0.8660254037844384
الخالص,1995,12,9.4,3.5,16.5,74.0,0.6,6.0,6.4,283.968,48.4,33.08,1995-12-01,-2.4492935982947064e-16,1.0
بلدروز,1995,12,10.3,4.6,17.4,67.0,1.3,25.7,7.2,309.02399999999994,55.2,44.16,1995-12-01,-2.4492935982947064e-16,1.0
خانقين,1995,12,9.6,3.7,18.1,71.0,0.7,32.3,4.9799999999999995,242.20799999999997,61.9,,1995-12-01,-2.4492935982947064e-16,1.0
الخالص,1996,1,10.8,6.5,15.5,82.0,2.1,38.4,4.6,256.128,48.1,39.08,1996-01-01,0.49999999999999994,0.8660254037844387
بلدروز,1996,1,11.8,7.5,16.5,78.0,2.6,78.7,5.6,286.752,62.0,47.57,1996-01-01,0.49999999999999994,0.8660254037844387
خانقين,1996,1,11.0,6.2,16.8,77.0,1.4,103.8,5.4,270.048,56.7,,1996-01-01,0.49999999999999994,0.8660254037844387
الخالص,1996,2,12.9,7.1,19.3,69.0,1.7,11.2,5.7,342.432,64.26,54.3,1996-02-01,0.8660254037844386,0.5000000000000001
بلدروز,1996,2,14.5,9.5,20.1,64.0,2.8,28.4,6.5,370.27200000000005,88.0,70.89,1996-02-01,0.8660254037844386,0.5000000000000001
خانقين,1996,2,13.0,7.7,19.7,63.0,1.7,11.9,6.08,348.0,89.9,,1996-02-01,0.8660254037844386,0.5000000000000001
الخالص,1996,3,14.9,9.3,21.0,71.0,1.6,33.1,6.8,453.79200000000003,111.58000000000001,79.29,1996-03-01,1.0,6.123233995736766e-17
بلدروز,1996,3,16.5,11.2,22.1,63.0,2.8,65.5,7.0,462.144,166.0,100.21,1996-03-01,1.0,6.123233995736766e-17
خانقين,1996,3,14.4,8.9,21.1,64.0,2.3,86.9,6.7,445.43999999999994,118.9,,1996-03-01,1.0,6.123233995736766e-17
الخالص,1996,4,20.7,12.9,27.6,54.0,2.7,13.4,9.0,604.1279999999999,169.0,139.56,1996-04-01,0.8660254037844387,-0.4999999999999998
بلدروز,1996,4,22.8,15.8,29.5,43.0,3.9,17.1,9.0,606.912,247.0,177.5,1996-04-01,0.8660254037844387,-0.4999999999999998
خانقين,1996,4,20.5,12.9,28.0,53.0,2.5,31.8,8.6,584.64,193.96109952,,1996-04-01,0.8660254037844387,-0.4999999999999998
الخالص,1996,5,29.4,20.5,37.5,44.0,2.0,3.6,10.0,684.864,245.68,194.77,1996-05-01,0.49999999999999994,-0.8660254037844387
بلدروز,1996,5,32.3,24.3,40.0,26.0,2.8,2.8,10.0,684.864,360.0,241.37,1996-05-01,0.49999999999999994,-0.8660254037844387
خانقين,1996,5,30.5,21.6,38.9,34.0,2.6,6.5,9.8,673.7279999999998,307.2,,1996-05-01,0.49999999999999994,-0.8660254037844387
الخالص,1996,6,30.9,21.3,39.9,40.0,2.5,0.0,12.8,807.36,303.36,237.41,1996-06-01,1.2246467991473532e-16,-1.0
بلدروز,1996,6,34.6,25.5,43.0,22.0,4.5,0.0,12.9,812.9279999999999,371.0,330.75,1996-06-01,1.2246467991473532e-16,-1.0
خانقين,1996,6,33.4,24.3,42.2,30.0,2.4,0.0,11.780000000000001,765.5999999999999,488.7,,1996-06-01,1.2246467991473532e-16,-1.0
الخالص,1996,7,35.2,25.1,44.3,34.0,2.3,0.0,12.4,785.0880000000001,327.2,255.7,1996-07-01,-0.4999999999999997,-0.8660254037844388
بلدروز,1996,7,39.0,30.3,47.3,19.0,3.5,0.0,12.3,779.52,499.0,325.1,1996-07-01,-0.4999999999999997,-0.8660254037844388
خانقين,1996,7,37.8,28.2,46.6,33.0,2.7,0.0,11.879999999999999,762.816,592.5,,1996-07-01,-0.4999999999999997,-0.8660254037844388
الخالص,1996,8,33.4,23.9,43.0,37.0,2.0,0.0,12.0,734.9759999999999,294.98,232.43,1996-08-01,-0.8660254037844384,-0.5000000000000004
بلدروز,1996,8,37.2,27.6,46.3,23.0,3.6,0.0,11.8,726.624,499.0,312.7,1996-08-01,-0.8660254037844384,-0.5000000000000004
خانقين,1996,8,35.4,26.2,45.7,34.0,2.0,0.0,11.220000000000002,698.784,473.47613184,,1996-08-01,-0.8660254037844384,-0.5000000000000004
الخالص,1996,9,28.7,19.8,37.3,46.0,1.7,0.0,10.4,604.1279999999999,221.66,164.16,1996-09-01,-1.0,-1.8369701987210297e-16
بلدروز,1996,9,32.2,23.1,41.2,30.0,3.7,0.001,10.6,615.264,351.0,252.43,1996-09-01,-1.0,-1.8369701987210297e-16
خانقين,1996,9,30.6,22.0,40.1,31.0,2.0,0.0,10.179999999999998,592.992,308.9,,1996-09-01,-1.0,-1.8369701987210297e-16
الخالص,1996,10,22.3,14.4,31.2,56.0,1.2,0.4,8.6,453.79200000000003,142.68,104.0,1996-10-01,-0.8660254037844386,0.5000000000000001
بلدروز,1996,10,25.5,17.7,33.8,38.0,3.1,0.001,9.9,501.1199999999999,210.0,174.16,1996-10-01,-0.8660254037844386,0.5000000000000001
خانقين,1996,10,24.4,17.1,33.2,47.0,2.5,1.9,8.4,442.65599999999995,204.6,,1996-10-01,-0.8660254037844386,0.5000000000000001
الخالص,1996,11,16.6,10.1,24.6,62.0,1.3,0.6,6.6,320.15999999999997,75.75999999999999,63.36,1996-11-01,-0.5000000000000004,0.8660254037844384
بلدروز,1996,11,18.1,11.4,26.3,56.0,1.8,0.4,6.9,334.08,140.0,79.46,1996-11-01,-0.5000000000000004,0.8660254037844384
خانقين,1996,11,17.5,10.3,25.9,67.0,1.7,0.5,6.4399999999999995,309.02399999999994,102.8,,1996-11-01,-0.5000000000000004,0.8660254037844384
الخالص,1996,12,13.8,8.8,19.7,74.0,2.6,20.0,4.6,239.42399999999998,39.2,53.71,1996-12-01,-2.4492935982947064e-16,1.0
بلدروز,1996,12,15.3,10.4,21.8,67.0,2.7,25.9,5.9,275.616,55.0,67.07,1996-12-01,-2.4492935982947064e-16,1.0
خانقين,1996,12,13.8,8.5,20.3,82.0,2.4,38.8,4.856,239.42399999999998,64.6,,1996-12-01,-2.4492935982947064e-16,1.0
الخالص,1997,1,10.0,5.2,16.0,76.0,1.4,12.6,5.7,286.752,44.18,40.97,1997-01-01,0.49999999999999994,0.8660254037844387
بلدروز,1997,1,11.2,6.6,16.9,74.0,2.0,48.6,5.7,289.536,79.4,48.34,1997-01-01,0.49999999999999994,0.8660254037844387
خانقين,1997,1,10.1,4.9,16.4,82.0,1.6,60.5,5.4799999999999995,272.832,33.1,,1997-01-01,0.49999999999999994,0.8660254037844387
الخالص,1997,2,8.8,1.7,16.5,61.0,2.0,11.0,7.9,409.24799999999993,62.592,59.82,1997-02-01,0.8660254037844386,0.5000000000000001
بلدروز,1997,2,9.7,3.1,17.1,50.0,2.0,0.3,8.8,442.65599999999995,98.4,68.1,1997-02-01,0.8660254037844386,0.5000000000000001
خانقين,1997,2,8.9,2.7,16.3,66.0,1.9,16.1,5.9959999999999996,345.216,49.1,,1997-02-01,0.8660254037844386,0.5000000000000001
الخالص,1997,3,13.0,6.5,19.7,63.0,2.5,14.2,7.2,467.712,114.15600000000002,88.39,1997-03-01,1.0,6.123233995736766e-17
بلدروز,1997,3,14.5,8.8,20.7,57.0,2.5,35.6,7.2,470.49599999999987,155.8,96.78,1997-03-01,1.0,6.123233995736766e-17
خانقين,1997,3,12.7,7.8,19.4,69.0,2.5,94.7,6.7,445.43999999999994,135.9,,1997-03-01,1.0,6.123233995736766e-17
الخالص,1997,4,20.4,13.2,27.6,53.0,2.6,5.5,8.8,595.776,167.85999999999999,137.43,1997-04-01,0.8660254037844387,-0.4999999999999998
بلدروز,1997,4,22.4,15.2,28.8,48.0,3.1,18.6,9.1,609.6959999999999,212.0,156.05,1997-04-01,0.8660254037844387,-0.4999999999999998
خانقين,1997,4,19.7,13.8,27.2,63.0,2.1,34.8,8.5,581.8559999999999,195.9,,1997-04-01,0.8660254037844387,-0.4999999999999998
الخالص,1997,5,28.0,19.1,36.4,43.0,1.7,3.2,10.5,704.352,262.3,183.37,1997-05-01,0.49999999999999994,-0.8660254037844387
بلدروز,1997,5,31.0,23.2,38.4,34.0,2.4,0.001,10.7,712.7040000000001,336.0,219.66,1997-05-01,0.49999999999999994,-0.8660254037844387
خانقين,1997,5,29.3,22.6,37.3,48.0,2.3,4.9,10.3,693.216,324.04,,1997-05-01,0.49999999999999994,-0.8660254037844387
الخالص,1997,6,31.6,21.9,40.1,38.0,1.7,0.1,11.9,771.1679999999999,305.552,207.76,1997-06-01,1.2246467991473532e-16,-1.0
بلدروز,1997,6,35.5,26.8,43.3,23.0,2.8,0.001,11.8,768.384,410.0,267.23,1997-06-01,1.2246467991473532e-16,-1.0
خانقين,1997,6,33.9,25.8,42.3,26.0,2.0,0.0,11.6,757.248,494.7,,1997-06-01,1.2246467991473532e-16,-1.0
الخالص,1997,7,33.1,23.8,42.0,37.0,3.5,0.0,12.7,796.224,320.76,285.19,1997-07-01,-0.4999999999999997,-0.8660254037844388
بلدروز,1997,7,36.1,26.7,44.3,23.0,4.8,0.0,12.7,796.224,451.0,358.64,1997-07-01,-0.4999999999999997,-0.8660254037844388
خانقين,1997,7,34.9,25.9,43.7,22.0,2.1,0.0,12.1,771.1679999999999,541.0600000000001,,1997-07-01,-0.4999999999999997,-0.8660254037844388
الخالص,1997,8,28.3,22.4,39.1,39.0,4.5,0.0,12.2,740.5440000000001,293.61600000000004,283.01,1997-08-01,-0.8660254037844384,-0.5000000000000004
بلدروز,1997,8,34.3,25.3,42.8,24.0,5.7,0.0,12.1,740.5440000000001,408.0,364.32,1997-08-01,-0.8660254037844384,-0.5000000000000004
خانقين,1997,8,32.9,23.8,43.3,24.0,2.2,0.0,11.5,709.92,478.6752263679999,,1997-08-01,-0.8660254037844384,-0.5000000000000004
الخالص,1997,9,28.1,18.4,38.0,42.0,1.6,0.0,10.4,604.1279999999999,219.852,159.64,1997-09-01,-1.0,-1.8369701987210297e-16
بلدروز,1997,9,31.8,22.4,40.9,27.0,2.5,0.0,10.6,615.264,381.0,211.18,1997-09-01,-1.0,-1.8369701987210297e-16
خانقين,1997,9,30.2,22.3,39.2,30.0,1.9,0.0,10.4,598.5600000000001,349.82000000000005,,1997-09-01,-1.0,-1.8369701987210297e-16
الخالص,1997,10,24.0,16.4,32.6,55.0,1.8,7.1,8.0,434.3039999999999,144.016,120.27,1997-10-01,-0.8660254037844386,0.5000000000000001
بلدروز,1997,10,26.4,19.5,34.5,41.0,2.6,2.9,7.9,434.3039999999999,241.0,156.05,1997-10-01,-0.8660254037844386,0.5000000000000001
خانقين,1997,10,25.0,16.1,32.7,35.0,1.8,14.0,8.0,428.736,178.0,,1997-10-01,-0.8660254037844386,0.5000000000000001
الخالص,1997,11,16.0,10.5,22.8,81.0,1.5,39.4,6.5,320.15999999999997,73.47200000000001,57.6,1997-11-01,-0.5000000000000004,0.8660254037844384
بلدروز,1997,11,17.8,12.8,24.3,65.0,2.0,27.7,7.0,336.8639999999999,144.0,77.02,1997-11-01,-0.5000000000000004,0.8660254037844384
خانقين,1997,11,17.3,12.5,23.3,51.0,1.5,112.1,6.5,311.808,146.4,,1997-11-01,-0.5000000000000004,0.8660254037844384
الخالص,1997,12,10.8,6.7,16.2,91.0,1.4,68.3,4.9,247.776,38.86,32.34,1997-12-01,-2.4492935982947064e-16,1.0
بلدروز,1997,12,11.7,7.6,16.6,83.0,2.4,83.7,5.4,261.696,71.0,42.03,1997-12-01,-2.4492935982947064e-16,1.0
خانقين,1997,12,11.4,7.6,16.0,60.0,1.2,70.7,5.2,247.776,30.5,,1997-12-01,-2.4492935982947064e-16,1.0
الخالص,1998,1,8.2,4.3,13.1,88.0,2.4,70.0,4.8,261.696,44.196,33.44,1998-01-01,0.49999999999999994,0.8660254037844387
بلدروز,1998,1,9.1,5.0,13.6,82.0,3.0,69.9,4.9,267.264,48.7,40.91,1998-01-01,0.49999999999999994,0.8660254037844387
خانقين,1998,1,8.2,4.5,12.3,72.0,1.9,118.3,4.5,247.776,55.44000000000001,,1998-01-01,0.49999999999999994,0.8660254037844387
الخالص,1998,2,11.1,5.4,17.3,74.0,2.5,18.6,6.5,367.48799999999994,62.4704,54.42,1998-02-01,0.8660254037844386,0.5000000000000001
بلدروز,1998,2,12.5,7.9,18.2,66.0,2.4,25.2,6.4,367.48799999999994,77.6,61.05,1998-02-01,0.8660254037844386,0.5000000000000001
خانقين,1998,2,11.4,6.7,17.1,70.0,1.9,10.5,6.1,348.0,139.7,,1998-02-01,0.8660254037844386,0.5000000000000001
الخالص,1998,3,14.7,8.6,21.0,70.0,3.4,30.6,7.0,459.36,118.6072,92.64,1998-03-01,1.0,6.123233995736766e-17
بلدروز,1998,3,16.3,11.0,21.9,61.0,3.5,42.7,7.3,473.28,128.0,107.12,1998-03-01,1.0,6.123233995736766e-17
خانقين,1998,3,14.3,9.9,19.9,55.0,2.0,102.7,6.4,434.3039999999999,240.8,,1998-03-01,1.0,6.123233995736766e-17
الخالص,1998,4,21.6,13.5,29.5,58.0,2.9,4.2,9.3,615.264,172.29199999999997,148.56,1998-04-01,0.8660254037844387,-0.4999999999999998
بلدروز,1998,4,24.0,16.4,31.2,42.0,3.5,4.7,9.9,640.3199999999999,227.9,183.83,1998-04-01,0.8660254037844387,-0.4999999999999998
خانقين,1998,4,21.2,14.0,28.2,47.0,1.9,8.6,8.8,592.992,259.2,,1998-04-01,0.8660254037844387,-0.4999999999999998
الخالص,1998,5,27.1,17.6,35.5,49.0,2.6,0.6,10.9,721.056,256.056,199.42,1998-05-01,0.49999999999999994,-0.8660254037844387
بلدروز,1998,5,30.0,21.5,37.7,38.0,3.0,4.4,11.0,723.8399999999998,305.7,229.84,1998-05-01,0.49999999999999994,-0.8660254037844387
خانقين,1998,5,28.7,21.2,36.8,31.0,1.6,0.1,9.6,665.3759999999999,235.1,,1998-05-01,0.49999999999999994,-0.8660254037844387
الخالص,1998,6,33.2,23.1,43.3,35.0,3.6,0.0,13.0,815.712,308.0024,286.94,1998-06-01,1.2246467991473532e-16,-1.0
بلدروز,1998,6,36.5,27.1,45.0,28.0,3.7,7.4,12.9,812.9279999999999,411.9,308.56,1998-06-01,1.2246467991473532e-16,-1.0
خانقين,1998,6,35.6,26.8,44.4,26.0,1.5,0.0,11.6,757.248,445.2,,1998-06-01,1.2246467991473532e-16,-1.0
الخالص,1998,7,34.5,24.5,44.2,36.0,3.8,0.0,12.5,787.8720000000001,317.152,305.92,1998-07-01,-0.4999999999999997,-0.8660254037844388
بلدروز,1998,7,37.7,28.5,46.0,25.0,3.6,0.7,12.4,785.0880000000001,415.5,320.36,1998-07-01,-0.4999999999999997,-0.8660254037844388
خانقين,1998,7,37.3,29.0,45.8,25.0,1.8,0.1,11.8,757.248,544.9,,1998-07-01,-0.4999999999999997,-0.8660254037844388
الخالص,1998,8,34.5,23.9,45.1,39.0,2.3,0.0,11.7,721.056,295.9192,245.41,1998-08-01,-0.8660254037844384,-0.5000000000000004
بلدروز,1998,8,38.5,28.5,47.4,24.0,3.0,0.0,12.0,734.9759999999999,417.8,290.51,1998-08-01,-0.8660254037844384,-0.5000000000000004
خانقين,1998,8,37.5,28.5,47.5,25.0,1.4,0.0,11.1,696.0,478.71027164160006,,1998-08-01,-0.8660254037844384,-0.5000000000000004
الخالص,1998,9,29.5,20.2,39.1,45.0,3.1,0.0,10.8,620.832,221.5824,209.07,1998-09-01,-1.0,-1.8369701987210297e-16
بلدروز,1998,9,32.9,23.6,41.0,27.0,3.6,0.0,10.6,615.264,366.0,250.64,1998-09-01,-1.0,-1.8369701987210297e-16
خانقين,1998,9,31.4,22.5,41.0,31.0,1.3,0.0,9.9,581.8559999999999,342.34400000000005,,1998-09-01,-1.0,-1.8369701987210297e-16
الخالص,1998,10,23.1,13.6,33.9,50.0,2.1,0.0,9.7,489.98400000000004,144.81919999999997,135.88,1998-10-01,-0.8660254037844386,0.5000000000000001
بلدروز,1998,10,26.4,18.0,36.0,30.0,2.1,0.001,9.8,495.552,214.0,153.6,1998-10-01,-0.8660254037844386,0.5000000000000001
خانقين,1998,10,25.6,17.2,35.4,35.0,1.8,0.1,9.1,462.144,217.33999999999997,,1998-10-01,-0.8660254037844386,0.5000000000000001
الخالص,1998,11,18.2,11.2,27.3,63.0,1.8,3.8,7.2,336.8639999999999,74.9464,77.87,1998-11-01,-0.5000000000000004,0.8660254037844384
بلدروز,1998,11,20.9,14.4,28.9,52.0,2.4,34.8,7.7,356.35200000000003,141.8,101.94,1998-11-01,-0.5000000000000004,0.8660254037844384
خانقين,1998,11,20.3,13.4,29.1,51.0,1.5,28.8,7.3,334.08,99.508,,1998-11-01,-0.5000000000000004,0.8660254037844384
الخالص,1998,12,12.4,5.9,20.7,66.0,1.8,0.0,5.6,264.48,40.672000000000004,56.35,1998-12-01,-2.4492935982947064e-16,1.0
بلدروز,1998,12,15.2,9.6,22.6,49.0,2.0,0.001,6.3,286.752,105.3,76.07,1998-12-01,-2.4492935982947064e-16,1.0
خانقين,1998,12,14.3,8.4,21.7,70.0,0.8,0.1,5.5,256.128,50.1,,1998-12-01,-2.4492935982947064e-16,1.0
الخالص,1999,1,10.9,5.3,18.3,77.0,1.8,13.3,5.9,292.32,44.6952,44.9,1999-01-01,0.49999999999999994,0.8660254037844387
بلدروز,1999,1,12.2,7.9,17.7,73.0,1.8,102.0,5.9,295.104,76.2,46.91,1999-01-01,0.49999999999999994,0.8660254037844387
خانقين,1999,1,12.4,8.0,17.3,75.0,1.2,90.5,6.3,295.104,51.048,,1999-01-01,0.49999999999999994,0.8660254037844387
الخالص,1999,2,12.9,6.2,20.8,69.0,2.8,27.7,7.5,398.112,62.64448,69.21,1999-02-01,0.8660254037844386,0.5000000000000001
بلدروز,1999,2,14.3,8.7,20.9,63.0,2.2,14.6,7.8,409.24799999999993,92.7,69.2,1999-02-01,0.8660254037844386,0.5000000000000001
خانقين,1999,2,13.1,7.4,19.5,62.0,1.4,43.7,7.3,384.192,191.7,,1999-02-01,0.8660254037844386,0.5000000000000001
الخالص,1999,3,16.3,8.9,24.5,53.0,3.8,3.0,8.4,509.47200000000004,118.46864000000001,132.35,1999-03-01,1.0,6.123233995736766e-17
بلدروز,1999,3,18.1,12.0,24.6,49.0,3.1,54.8,7.6,484.41599999999994,179.3,125.52,1999-03-01,1.0,6.123233995736766e-17
خانقين,1999,3,16.4,10.6,23.3,46.0,1.6,0.5,7.4,470.49599999999987,412.6,,1999-03-01,1.0,6.123233995736766e-17
الخالص,1999,4,21.9,12.7,30.4,49.0,3.0,3.6,9.6,629.184,172.1304,161.44,1999-04-01,0.8660254037844387,-0.4999999999999998
بلدروز,1999,4,24.8,16.9,32.3,34.0,2.7,0.9,9.5,626.4000000000001,248.4,177.02,1999-04-01,0.8660254037844387,-0.4999999999999998
خانقين,1999,4,22.5,20.4,30.3,35.0,1.6,5.5,9.3,612.48,207.512219904,,1999-04-01,0.8660254037844387,-0.4999999999999998
الخالص,1999,5,28.6,19.1,37.5,40.0,3.4,0.1,10.6,707.136,267.9872,237.1,1999-05-01,0.49999999999999994,-0.8660254037844387
بلدروز,1999,5,32.0,23.0,40.0,25.0,3.3,0.3,10.5,704.352,390.5,262.2,1999-05-01,0.49999999999999994,-0.8660254037844387
خانقين,1999,5,30.3,23.0,39.1,31.0,1.3,0.0,9.1,645.8879999999999,314.48799999999994,,1999-05-01,0.49999999999999994,-0.8660254037844387
الخالص,1999,6,32.2,22.9,41.4,38.0,3.2,0.0,11.4,751.6800000000001,320.36288,254.93,1999-06-01,1.2246467991473532e-16,-1.0
بلدروز,1999,6,36.2,27.5,43.7,24.0,3.5,0.0,12.2,785.0880000000001,473.2,295.0,1999-06-01,1.2246467991473532e-16,-1.0
خانقين,1999,6,34.4,27.0,42.4,26.0,1.1,0.0,11.0,734.9759999999999,493.82,,1999-06-01,1.2246467991473532e-16,-1.0
الخالص,1999,7,34.8,26.1,43.9,32.0,4.4,0.0,10.7,715.488,328.5424,311.3,1999-07-01,-0.4999999999999997,-0.8660254037844388
بلدروز,1999,7,37.2,28.6,44.9,25.0,4.4,0.001,10.3,698.784,498.6,331.87,1999-07-01,-0.4999999999999997,-0.8660254037844388
خانقين,1999,7,36.3,28.7,44.5,21.0,1.6,1.0,10.0,684.864,546.072,,1999-07-01,-0.4999999999999997,-0.8660254037844388
الخالص,1999,8,35.5,25.6,45.5,29.0,4.3,0.0,10.7,682.08,304.44304,322.96,1999-08-01,-0.8660254037844384,-0.5000000000000004
بلدروز,1999,8,38.3,29.5,46.8,19.0,3.9,0.0,11.2,704.352,511.5,326.16,1999-08-01,-0.8660254037844384,-0.5000000000000004
خانقين,1999,8,36.9,28.4,46.2,23.0,1.4,0.0,10.4,668.16,480.23232596992,,1999-08-01,-0.8660254037844384,-0.5000000000000004
الخالص,1999,9,29.7,19.9,39.8,37.0,2.9,0.0,10.5,609.6959999999999,226.41888,213.14,1999-09-01,-1.0,-1.8369701987210297e-16
بلدروز,1999,9,32.5,23.3,40.8,30.0,2.8,0.0,10.8,623.616,372.3,221.5,1999-09-01,-1.0,-1.8369701987210297e-16
خانقين,1999,9,31.2,23.2,39.8,29.0,1.0,0.0,9.7,573.504,342.2128,,1999-09-01,-1.0,-1.8369701987210297e-16
الخالص,1999,10,25.1,16.5,34.5,48.0,2.2,0.1,8.0,434.3039999999999,148.98304,139.67,1999-10-01,-0.8660254037844386,0.5000000000000001
بلدروز,1999,10,28.2,20.3,36.4,34.0,1.8,0.3,8.6,456.5759999999999,263.8,144.97,1999-10-01,-0.8660254037844386,0.5000000000000001
خانقين,1999,10,26.4,19.6,34.7,42.0,1.0,11.0,7.7,420.38399999999996,348.6,,1999-10-01,-0.8660254037844386,0.5000000000000001
الخالص,1999,11,15.1,7.7,24.3,59.0,1.7,0.1,6.9,328.512,76.01567999999999,72.57,1999-11-01,-0.5000000000000004,0.8660254037844384
بلدروز,1999,11,17.3,11.0,24.9,53.0,1.9,24.8,7.4,348.0,123.1,83.93,1999-11-01,-0.5000000000000004,0.8660254037844384
خانقين,1999,11,16.9,11.2,23.1,60.0,0.9,0.1,6.5,311.808,84.8,,1999-11-01,-0.5000000000000004,0.8660254037844384
الخالص,1999,12,10.9,5.4,17.8,79.0,1.4,41.0,5.0,250.55999999999995,50.8,38.67,1999-12-01,-2.4492935982947064e-16,1.0
بلدروز,1999,12,12.2,7.2,18.1,72.0,1.4,45.4,5.5,264.48,77.4,43.7,1999-12-01,-2.4492935982947064e-16,1.0
خانقين,1999,12,12.6,6.9,18.9,82.0,0.9,19.5,6.0,267.264,28.5,,1999-12-01,-2.4492935982947064e-16,1.0
الخالص,2000,1,8.5,3.3,15.0,76.0,2.8,31.8,5.8,289.536,57.6,46.94,2000-01-01,0.49999999999999994,0.8660254037844387
بلدروز,2000,1,9.5,4.7,15.1,76.0,2.3,45.2,6.2,303.456,60.7,45.42,2000-01-01,0.49999999999999994,0.8660254037844387
خانقين,2000,1,9.2,4.6,14.4,75.5,1.3,38.7,6.1,289.536,46.1,,2000-01-01,0.49999999999999994,0.8660254037844387
الخالص,2000,2,10.8,3.6,18.6,61.0,2.8,3.3,7.8,406.46399999999994,103.2,69.8,2000-02-01,0.8660254037844386,0.5000000000000001
بلدروز,2000,2,11.9,5.5,19.0,61.0,2.5,5.8,7.8,409.24799999999993,108.0,68.83,2000-02-01,0.8660254037844386,0.5000000000000001
خانقين,2000,2,10.9,4.9,17.9,70.0,1.5,2.7,7.4,386.976,107.54,,2000-02-01,0.8660254037844386,0.5000000000000001
الخالص,2000,3,15.3,6.5,23.7,48.0,3.4,1.3,8.6,517.8240000000001,199.0,127.34,2000-03-01,1.0,6.123233995736766e-17
بلدروز,2000,3,17.0,9.5,24.4,43.0,3.6,8.5,12.0,643.1040000000002,213.2,147.35,2000-03-01,1.0,6.123233995736766e-17
خانقين,2000,3,15.2,8.4,22.6,66.1,1.6,29.0,7.2,462.144,203.98,,2000-03-01,1.0,6.123233995736766e-17
الخالص,2000,4,24.9,16.7,32.6,45.0,3.4,5.7,6.9,523.392,265.4,172.19,2000-04-01,0.8660254037844387,-0.4999999999999998
بلدروز,2000,4,26.7,19.9,34.0,34.0,3.2,1.8,6.6,512.256,284.8,185.01,2000-04-01,0.8660254037844387,-0.4999999999999998
خانقين,2000,4,24.9,18.7,32.2,50.4,2.0,3.2,6.5,503.904,216.93466388479996,,2000-04-01,0.8660254037844387,-0.4999999999999998
الخالص,2000,5,28.7,19.4,37.3,31.0,3.2,0.9,10.3,696.0,354.7,239.48,2000-05-01,0.49999999999999994,-0.8660254037844387
بلدروز,2000,5,31.5,23.2,38.6,24.0,3.3,0.2,10.3,696.0,404.3,258.78,2000-05-01,0.49999999999999994,-0.8660254037844387
خانقين,2000,5,29.6,21.8,37.1,32.1,1.8,0.1,9.4,657.024,306.2856,,2000-05-01,0.49999999999999994,-0.8660254037844387
الخالص,2000,6,32.8,22.9,40.6,27.0,4.6,0.0,9.6,679.2959999999998,502.8,295.14,2000-06-01,1.2246467991473532e-16,-1.0
بلدروز,2000,6,35.3,26.2,43.0,23.0,4.4,0.0,11.6,760.0319999999999,465.4,318.29,2000-06-01,1.2246467991473532e-16,-1.0
خانقين,2000,6,33.4,25.0,41.8,27.8,1.6,0.0,8.8,645.8879999999999,488.66400000000004,,2000-06-01,1.2246467991473532e-16,-1.0
الخالص,2000,7,37.5,27.7,46.4,24.0,3.0,0.0,8.3,618.0479999999999,331.73088,270.45,2000-07-01,-0.4999999999999997,-0.8660254037844388
بلدروز,2000,7,39.6,31.2,47.2,19.0,3.4,0.0,9.2,654.2399999999999,488.9,307.94,2000-07-01,-0.4999999999999997,-0.8660254037844388
خانقين,2000,7,39.6,32.0,47.0,25.1,1.7,0.0,11.575999999999999,748.8959999999998,546.8064,,2000-07-01,-0.4999999999999997,-0.8660254037844388
الخالص,2000,8,35.5,25.1,44.8,25.0,3.0,0.0,10.3,665.3759999999999,305.93164800000005,270.0,2000-08-01,-0.8660254037844384,-0.5000000000000004
بلدروز,2000,8,38.2,28.9,47.1,22.0,2.4,0.0,11.4,712.7040000000001,456.8,265.41,2000-08-01,-0.8660254037844384,-0.5000000000000004
خانقين,2000,8,37.1,28.3,46.0,25.8,1.0,0.0,9.0,612.48,475.778791163904,,2000-08-01,-0.8660254037844384,-0.5000000000000004
الخالص,2000,9,29.5,19.3,38.6,36.0,2.2,0.3,9.2,559.584,289.9,181.7,2000-09-01,-1.0,-1.8369701987210297e-16
بلدروز,2000,9,32.1,23.5,40.7,28.0,3.3,0.0,9.8,584.64,326.3,238.22,2000-09-01,-1.0,-1.8369701987210297e-16
خانقين,2000,9,30.9,22.9,39.3,27.3,1.3,0.1,8.2,520.608,332.73536,,2000-09-01,-1.0,-1.8369701987210297e-16
الخالص,2000,10,22.3,14.3,31.1,50.0,1.8,7.2,9.2,473.28,188.9,122.58,2000-10-01,-0.8660254037844386,0.5000000000000001
بلدروز,2000,10,24.2,16.9,32.4,44.0,2.6,20.2,8.7,462.144,195.4,148.85,2000-10-01,-0.8660254037844386,0.5000000000000001
خانقين,2000,10,23.3,16.4,31.7,37.5,0.8,1.4,8.6,448.22400000000005,239.44799999999995,,2000-10-01,-0.8660254037844386,0.5000000000000001
الخالص,2000,11,15.0,8.3,23.0,67.0,1.1,35.1,7.0,331.296,90.0,58.97,2000-11-01,-0.5000000000000004,0.8660254037844384
بلدروز,2000,11,16.9,11.2,24.0,63.0,1.7,25.0,6.9,334.08,89.3,70.61,2000-11-01,-0.5000000000000004,0.8660254037844384
خانقين,2000,11,16.4,10.5,23.4,54.9,0.9,59.3,7.0,325.72799999999995,91.8,,2000-11-01,-0.5000000000000004,0.8660254037844384
الخالص,2000,12,10.9,6.7,16.3,85.0,1.8,98.4,5.3,256.128,45.9,37.04,2000-12-01,-2.4492935982947064e-16,1.0
بلدروز,2000,12,12.2,8.5,17.1,84.0,2.2,72.4,4.9,250.55999999999995,46.9,41.1,2000-12-01,-2.4492935982947064e-16,1.0
خانقين,2000,12,11.7,8.0,16.2,74.7,0.6,154.4,4.5,231.072,45.9,,2000-12-01,-2.4492935982947064e-16,1.0
الخالص,2001,1,10.0,4.3,15.7,81.6,1.7,44.6,5.36,278.4,51.4,38.32,2001-01-01,0.49999999999999994,0.8660254037844387
بلدروز,2001,1,10.85,5.3,16.6,78.0,1.6,46.7,7.1,325.72799999999995,47.2,43.68,2001-01-01,0.49999999999999994,0.8660254037844387
خانقين,2001,1,10.8,4.6,17.1,79.0,1.2,31.9,7.1,314.592,70.5,,2001-01-01,0.49999999999999994,0.8660254037844387
الخالص,2001,2,12.3,6.0,18.6,72.2,2.7,29.7,7.08,384.192,75.4,59.46,2001-02-01,0.8660254037844386,0.5000000000000001
بلدروز,2001,2,13.100000000000001,7.5,19.3,65.0,2.2,19.6,7.5,400.896,89.3,62.82,2001-02-01,0.8660254037844386,0.5000000000000001
خانقين,2001,2,12.0,5.1,18.2,68.0,1.6,44.2,6.9,373.05600000000004,93.2,,2001-02-01,0.8660254037844386,0.5000000000000001
الخالص,2001,3,17.9,11.0,24.8,64.8,2.4,21.5,7.6,481.63200000000006,137.8,102.16,2001-03-01,1.0,6.123233995736766e-17
بلدروز,2001,3,17.55,12.9,26.4,51.0,2.4,51.0,8.2,506.688,166.4,120.66,2001-03-01,1.0,6.123233995736766e-17
خانقين,2001,3,15.799999999999999,11.1,24.9,62.0,1.2,59.7,7.5,473.28,124.6,,2001-03-01,1.0,6.123233995736766e-17
الخالص,2001,4,22.7,13.9,31.4,53.2,2.3,17.6,8.72,592.992,170.8,148.38,2001-04-01,0.8660254037844387,-0.4999999999999998
بلدروز,2001,4,25.75,17.5,32.0,63.0,3.7,10.3,9.6,629.184,266.6,165.99,2001-04-01,0.8660254037844387,-0.4999999999999998
خانقين,2001,4,23.7,13.9,30.4,57.0,1.4,7.7,8.9,595.776,216.2,,2001-04-01,0.8660254037844387,-0.4999999999999998
الخالص,2001,5,26.3,17.5,35.1,40.4,3.5,1.1,10.459999999999999,704.352,278.8,225.91,2001-05-01,0.49999999999999994,-0.8660254037844387
بلدروز,2001,5,31.75,21.7,37.9,31.0,4.4,0.4,10.0,684.864,433.9,274.15,2001-05-01,0.49999999999999994,-0.8660254037844387
خانقين,2001,5,29.950000000000003,18.1,36.2,32.0,2.1,1.7,10.5,701.568,352.1,,2001-05-01,0.49999999999999994,-0.8660254037844387
الخالص,2001,6,31.2,21.4,40.9,30.8,4.3,0.0,11.74,762.816,445.9,293.68,2001-06-01,1.2246467991473532e-16,-1.0
بلدروز,2001,6,35.75,24.8,43.3,25.0,4.7,0.0,13.3,829.632,512.2,338.0,2001-06-01,1.2246467991473532e-16,-1.0
خانقين,2001,6,33.9,24.0,42.1,25.0,2.3,0.0,12.5,796.224,577.9,,2001-06-01,1.2246467991473532e-16,-1.0
الخالص,2001,7,33.8,23.5,44.1,32.1,2.7,0.0,11.319999999999999,740.5440000000001,468.3,261.28,2001-07-01,-0.4999999999999997,-0.8660254037844388
بلدروز,2001,7,38.400000000000006,27.9,46.0,22.0,3.6,0.0,12.6,793.4399999999998,527.2,321.69,2001-07-01,-0.4999999999999997,-0.8660254037844388
خانقين,2001,7,37.95,26.1,43.8,24.0,2.1,0.0,12.1,771.1679999999999,554.26768,,2001-07-01,-0.4999999999999997,-0.8660254037844388
الخالص,2001,8,35.2,25.2,45.1,32.9,2.4,0.0,11.379999999999999,709.92,415.7,250.38,2001-08-01,-0.8660254037844384,-0.5000000000000004
بلدروز,2001,8,38.25,29.1,47.0,23.0,3.1,0.0,11.8,726.624,512.6,293.45,2001-08-01,-0.8660254037844384,-0.5000000000000004
خانقين,2001,8,37.0,27.3,46.0,27.0,1.6,0.0,11.4,707.136,539.6,,2001-08-01,-0.8660254037844384,-0.5000000000000004
الخالص,2001,9,30.5,20.8,40.1,38.1,2.2,0.1,10.26,601.344,333.2,190.1,2001-09-01,-1.0,-1.8369701987210297e-16
بلدروز,2001,9,32.3,24.6,42.0,24.0,2.9,0.001,10.6,615.264,388.5,234.32,2001-09-01,-1.0,-1.8369701987210297e-16
خانقين,2001,9,31.049999999999997,23.3,41.0,29.0,1.8,0.0,10.2,592.992,410.1,,2001-09-01,-1.0,-1.8369701987210297e-16
الخالص,2001,10,24.7,15.5,33.8,46.6,1.5,4.5,8.7,456.5759999999999,216.0,124.36,2001-10-01,-0.8660254037844386,0.5000000000000001
بلدروز,2001,10,26.2,19.4,35.7,30.0,1.9,14.8,9.4,484.41599999999994,271.6,151.34,2001-10-01,-0.8660254037844386,0.5000000000000001
خانقين,2001,10,24.85,18.2,34.6,33.0,1.6,1.2,8.9,456.5759999999999,188.0,,2001-10-01,-0.8660254037844386,0.5000000000000001
الخالص,2001,11,15.5,7.8,23.1,52.7,1.8,22.0,6.840000000000001,325.72799999999995,113.2,73.89,2001-11-01,-0.5000000000000004,0.8660254037844384
بلدروز,2001,11,17.1,10.7,24.5,57.0,2.2,7.6,7.2,342.432,153.4,82.85,2001-11-01,-0.5000000000000004,0.8660254037844384
خانقين,2001,11,16.65,9.0,23.8,60.0,0.8,18.6,6.9,322.94399999999996,109.2,,2001-11-01,-0.5000000000000004,0.8660254037844384
الخالص,2001,12,13.1,7.5,18.6,75.9,2.5,17.2,5.08,250.55999999999995,66.5,50.06,2001-12-01,-2.4492935982947064e-16,1.0
بلدروز,2001,12,12.2,9.9,20.1,70.5,2.5,20.1,5.2,258.91200000000003,73.5,58.31,2001-12-01,-2.4492935982947064e-16,1.0
خانقين,2001,12,12.149999999999999,7.7,18.8,82.0,1.5,58.1,5.3,250.55999999999995,48.1,,2001-12-01,-2.4492935982947064e-16,1.0
الخالص,2002,1,9.3,3.9,14.8,78.9,2.2,46.7,5.512,281.18399999999997,59.0,39.65,2002-01-01,0.49999999999999994,0.8660254037844387
بلدروز,2002,1,10.175,5.3,15.0,78.0,2.4,78.1,5.6,286.752,57.8,42.81,2002-01-01,0.49999999999999994,0.8660254037844387
خانقين,2002,1,9.0,4.5,14.5,76.7,1.5,105.8,5.4,270.048,56.1,,2002-01-01,0.49999999999999994,0.8660254037844387
الخالص,2002,2,11.6,5.6,20.2,66.0,2.6,5.7,7.356,395.32800000000003,99.3,66.43,2002-02-01,0.8660254037844386,0.5000000000000001
بلدروز,2002,2,12.5,8.1,20.2,65.0,3.0,72.8,7.5,400.896,112.0,71.09,2002-02-01,0.8660254037844386,0.5000000000000001
خانقين,2002,2,12.5,6.8,19.4,67.2,1.4,41.6,7.3,384.192,91.3,,2002-02-01,0.8660254037844386,0.5000000000000001
الخالص,2002,3,16.6,10.2,25.2,55.8,3.7,38.0,7.760000000000001,489.98400000000004,186.1,128.38,2002-03-01,1.0,6.123233995736766e-17
بلدروز,2002,3,17.275,12.7,25.4,51.0,2.9,10.7,8.0,498.336,176.8,126.45,2002-03-01,1.0,6.123233995736766e-17
خانقين,2002,3,16.6,10.0,24.1,59.620000000000005,1.6,55.3,7.5,473.28,158.6,,2002-03-01,1.0,6.123233995736766e-17
الخالص,2002,4,23.8,14.8,27.6,57.6,3.2,41.4,8.664,592.992,181.1,144.44,2002-04-01,0.8660254037844387,-0.4999999999999998
بلدروز,2002,4,26.225,16.9,28.2,53.0,3.5,27.4,6.8,520.608,203.7,147.8,2002-04-01,0.8660254037844387,-0.4999999999999998
خانقين,2002,4,19.9,14.0,26.5,50.480000000000004,1.6,61.5,6.6,506.688,122.8,,2002-04-01,0.8660254037844387,-0.4999999999999998
الخالص,2002,5,27.5,18.0,35.0,39.1,2.3,0.3,10.552,707.136,259.5,197.91,2002-05-01,0.49999999999999994,-0.8660254037844387
بلدروز,2002,5,31.625,21.9,37.9,31.0,3.5,0.5,11.2,732.192,371.6,253.67,2002-05-01,0.49999999999999994,-0.8660254037844387
خانقين,2002,5,27.7,19.6,36.1,34.82,1.2,0.0,11.1,726.624,248.4,,2002-05-01,0.49999999999999994,-0.8660254037844387
الخالص,2002,6,32.0,22.0,41.2,31.0,2.7,0.0,11.528,754.4639999999999,363.7,243.02,2002-06-01,1.2246467991473532e-16,-1.0
بلدروز,2002,6,35.525,25.8,43.3,25.0,3.5,0.0,12.7,804.5759999999998,493.1,292.02,2002-06-01,1.2246467991473532e-16,-1.0
خانقين,2002,6,33.4,24.4,42.1,26.160000000000004,1.4,0.0,12.4,790.6560000000001,376.4,,2002-06-01,1.2246467991473532e-16,-1.0
الخالص,2002,7,35.7,24.7,44.1,31.4,2.5,0.0,11.104000000000001,732.192,381.5,258.46,2002-07-01,-0.4999999999999997,-0.8660254037844388
بلدروز,2002,7,39.0,28.8,46.5,22.0,3.2,0.0,12.7,796.224,589.1,311.12,2002-07-01,-0.4999999999999997,-0.8660254037844388
خانقين,2002,7,35.9,26.8,45.1,23.419999999999998,1.0,0.0,12.4,782.3039999999999,561.4,,2002-07-01,-0.4999999999999997,-0.8660254037844388
الخالص,2002,8,35.3,23.6,42.3,33.3,2.9,0.0,11.255999999999997,707.136,282.3,256.51,2002-08-01,-0.8660254037844384,-0.5000000000000004
بلدروز,2002,8,38.225,27.0,44.5,23.0,3.8,0.0,12.1,740.5440000000001,447.2,314.53,2002-08-01,-0.8660254037844384,-0.5000000000000004
خانقين,2002,8,34.1,25.2,43.3,24.96,0.9,0.0,11.4,707.136,493.1,,2002-08-01,-0.8660254037844384,-0.5000000000000004
الخالص,2002,9,30.0,20.9,39.9,37.6,2.4,0.1,9.9,587.4240000000001,288.4,193.44,2002-09-01,-1.0,-1.8369701987210297e-16
بلدروز,2002,9,32.2,24.0,42.0,24.0,3.9,0.0,10.7,618.0479999999999,377.8,264.95,2002-09-01,-1.0,-1.8369701987210297e-16
خانقين,2002,9,31.3,22.0,40.7,29.26,1.1,0.0,10.4,598.5600000000001,464.0,,2002-09-01,-1.0,-1.8369701987210297e-16
الخالص,2002,10,23.5,17.6,34.5,47.2,1.9,2.2,7.1,406.46399999999994,199.4,131.33,2002-10-01,-0.8660254037844386,0.5000000000000001
بلدروز,2002,10,25.2,20.5,36.6,30.0,1.9,8.9,7.8,431.5199999999999,221.7,149.44,2002-10-01,-0.8660254037844386,0.5000000000000001
خانقين,2002,10,26.8,19.2,35.3,36.5,0.9,7.6,9.2,467.712,231.2,,2002-10-01,-0.8660254037844386,0.5000000000000001
الخالص,2002,11,15.2,9.1,24.3,66.7,1.4,16.2,6.9,328.512,95.1,67.02,2002-11-01,-0.5000000000000004,0.8660254037844384
بلدروز,2002,11,17.0,12.2,25.4,57.0,1.4,26.7,7.3,345.216,99.3,75.34,2002-11-01,-0.5000000000000004,0.8660254037844384
خانقين,2002,11,17.5,11.3,25.0,55.379999999999995,0.7,39.5,7.1,328.512,72.2,,2002-11-01,-0.5000000000000004,0.8660254037844384
الخالص,2002,12,12.0,4.8,14.6,85.7,2.5,11.4,3.4,208.79999999999998,54.8,35.42,2002-12-01,-2.4492935982947064e-16,1.0
بلدروز,2002,12,12.2,7.0,16.2,78.3,2.2,8.2,4.3,233.856,52.9,43.69,2002-12-01,-2.4492935982947064e-16,1.0
خانقين,2002,12,15.0,5.4,15.0,73.74,1.4,55.3,3.9,217.15199999999996,57.3,,2002-12-01,-2.4492935982947064e-16,1.0
الخالص,2003,1,9.0,4.22,15.379999999999999,80.3,2.1799999999999997,41.279999999999994,5.4744,281.18399999999997,51.378240000000005,40.66,2003-01-01,0.49999999999999994,0.8660254037844387
بلدروز,2003,1,11.6,7.1,17.5,79.0,2.3,11.5,6.3,306.24,49.0,46.86,2003-01-01,0.49999999999999994,0.8660254037844387
خانقين,2003,1,9.92,5.24,15.12,83.5,1.42,77.03999999999999,5.88,283.968,55.83760000000001,,2003-01-01,0.49999999999999994,0.8660254037844387
الخالص,2003,2,12.0,5.360000000000001,19.1,68.44,2.68,17.0,7.247200000000001,389.76,80.602976,63.98,2003-02-01,0.8660254037844386,0.5000000000000001
بلدروز,2003,2,13.2,6.8,19.8,60.0,2.6,24.0,7.3,395.32800000000003,93.0,71.52,2003-02-01,0.8660254037844386,0.5000000000000001
خانقين,2003,2,11.98,6.180000000000001,18.419999999999998,72.6,1.56,28.540000000000003,6.999999999999998,375.84000000000003,124.68799999999999,,2003-02-01,0.8660254037844386,0.5000000000000001
الخالص,2003,3,16.0,9.040000000000001,23.84,58.32000000000001,3.34,18.880000000000003,7.872,492.76800000000003,151.995168,116.03,2003-03-01,1.0,6.123233995736766e-17
بلدروز,2003,3,17.1,10.8,23.47,48.0,3.5,8.7,7.3,473.28,184.5,125.96,2003-03-01,1.0,6.123233995736766e-17
خانقين,2003,3,16.2,8.5,21.28,53.2,1.6,24.6,5.7,409.24799999999993,107.9,,2003-03-01,1.0,6.123233995736766e-17
الخالص,2003,4,23.0,14.319999999999999,30.3,52.56,2.96,14.5,8.6368,587.4240000000001,192.34448,153.83,2003-04-01,0.8660254037844387,-0.4999999999999998
بلدروز,2003,4,24.3,19.0,31.56,39.0,3.2,0.0,8.1,570.7199999999999,263.1,177.57,2003-04-01,0.8660254037844387,-0.4999999999999998
خانقين,2003,4,21.799999999999997,16.3,28.92,43.3,1.7,24.6,5.3,456.5759999999999,413.8,,2003-04-01,0.8660254037844387,-0.4999999999999998
الخالص,2003,5,28.0,18.32,36.08,39.9,3.0,0.6,10.5624,707.136,283.40864,218.29,2003-05-01,0.49999999999999994,-0.8660254037844387
بلدروز,2003,5,30.9,22.6,38.31,28.0,3.8,2.1,9.0,643.1040000000002,316.7,261.28,2003-05-01,0.49999999999999994,-0.8660254037844387
خانقين,2003,5,28.825000000000003,21.5,37.8,33.8,1.6,0.0,9.940000000000001,676.512,423.2,,2003-05-01,0.49999999999999994,-0.8660254037844387
الخالص,2003,6,32.0,22.46,41.48,32.36,3.6799999999999997,0.0,11.4536,754.4639999999999,388.153056,276.27,2003-06-01,1.2246467991473532e-16,-1.0
بلدروز,2003,6,31.6,25.7,43.41,20.0,4.0,0.0,11.5,757.248,423.6,310.57,2003-06-01,1.2246467991473532e-16,-1.0
خانقين,2003,6,33.65,25.2,42.84,26.3,1.58,0.0,11.260000000000002,746.1120000000001,471.8,,2003-06-01,1.2246467991473532e-16,-1.0
الخالص,2003,7,35.0,25.3,44.54,31.9,3.28,0.0,10.7848,718.272,365.44505599999997,284.87,2003-07-01,-0.4999999999999997,-0.8660254037844388
بلدروز,2003,7,36.4,26.6,44.78,21.0,3.6,0.0,12.5,787.8720000000001,475.8,316.25,2003-07-01,-0.4999999999999997,-0.8660254037844388
خانقين,2003,7,36.925,26.5,43.67,24.0,1.6400000000000001,0.0,11.575199999999999,748.8959999999998,513.2,,2003-07-01,-0.4999999999999997,-0.8660254037844388
الخالص,2003,8,35.0,24.68,44.55999999999999,31.839999999999996,2.98,0.0,11.0672,698.784,320.8587776,267.62,2003-08-01,-0.8660254037844384,-0.5000000000000004
بلدروز,2003,8,37.6,27.3,46.78,20.0,3.3,0.0,12.1,740.5440000000001,457.5,305.17,2003-08-01,-0.8660254037844384,-0.5000000000000004
خانقين,2003,8,35.55,27.2,46.43,25.0,1.2600000000000002,0.0,10.66,679.2959999999998,547.8,,2003-08-01,-0.8660254037844384,-0.5000000000000004
الخالص,2003,9,28.8,19.2,38.34,38.739999999999995,2.5599999999999996,0.0,10.8,620.832,271.900256,195.92,2003-09-01,-1.0,-1.8369701987210297e-16
بلدروز,2003,9,31.7,22.1,41.15,27.0,3.6,0.0,10.9,626.4000000000001,348.4,250.43,2003-09-01,-1.0,-1.8369701987210297e-16
خانقين,2003,9,31.174999999999997,22.6,40.87,29.0,1.3,0.0,9.68,573.504,378.278432,,2003-09-01,-1.0,-1.8369701987210297e-16
الخالص,2003,10,24.7,16.2,33.26,48.36,1.9,1.0,8.54,451.00800000000004,155.8,130.87,2003-10-01,-0.8660254037844386,0.5000000000000001
بلدروز,2003,10,27.7,20.2,35.42,36.0,1.9,2.2,8.2,445.43999999999994,236.6,144.73,2003-10-01,-0.8660254037844386,0.5000000000000001
خانقين,2003,10,25.825000000000003,19.2,34.97,37.0,1.22,0.1,8.7,451.00800000000004,244.9176,,2003-10-01,-0.8660254037844386,0.5000000000000001
الخالص,2003,11,15.8,8.7,22.95,61.67999999999999,1.5599999999999998,23.7,6.968000000000001,331.296,83.8,67.21,2003-11-01,-0.5000000000000004,0.8660254037844384
بلدروز,2003,11,17.1,11.2,24.27,55.0,1.9,85.6,6.8,331.296,124.3,81.0,2003-11-01,-0.5000000000000004,0.8660254037844384
خانقين,2003,11,17.075,10.0,25.83,74.0,0.96,59.1,6.960000000000001,325.72799999999995,262.6,,2003-11-01,-0.5000000000000004,0.8660254037844384
الخالص,2003,12,10.8,5.3,16.38,78.32,2.0,32.2,4.8759999999999994,247.776,45.5,41.97,2003-12-01,-2.4492935982947064e-16,1.0
بلدروز,2003,12,10.8,7.5,16.44,81.0,2.1,61.5,5.6,267.264,51.5,41.13,2003-12-01,-2.4492935982947064e-16,1.0
خانقين,2003,12,13.575,7.8,14.06,74.0,1.04,65.6,5.04,242.20799999999997,48.7,,2003-12-01,-2.4492935982947064e-16,1.0
الخالص,2004,1,11.5,6.3,16.63,79.6,2.8,16.9,5.60928,283.968,51.6,44.92,2004-01-01,0.49999999999999994,0.8660254037844387
بلدروز,2004,1,12.7,9.0,17.01,79.6,2.5,36.6,5.2,275.616,53.5,44.72,2004-01-01,0.49999999999999994,0.8660254037844387
خانقين,2004,1,9.46,7.5,14.71,76.0,1.1,89.9,6.156,292.32,27.1,,2004-01-01,0.49999999999999994,0.8660254037844387
الخالص,2004,2,11.8,5.6,17.99,71.3,3.0,21.0,7.2,389.76,85.2,61.06,2004-02-01,0.8660254037844386,0.5000000000000001
بلدروز,2004,2,12.2,7.3,18.85,60.5,3.0,12.0,7.4,398.112,89.4,71.6,2004-02-01,0.8660254037844386,0.5000000000000001
خانقين,2004,2,12.24,6.5,17.6,75.0,1.5,21.0,4.8,309.02399999999994,49.4,,2004-02-01,0.8660254037844386,0.5000000000000001
الخالص,2004,3,18.0,10.0,26.09,51.0,4.2,0.1,7.8,489.98400000000004,173.4,144.06,2004-03-01,1.0,6.123233995736766e-17
بلدروز,2004,3,20.0,12.8,27.87,39.2,2.8,2.3,8.6,520.608,182.3,144.3,2004-03-01,1.0,6.123233995736766e-17
خانقين,2004,3,16.4,10.2,26.59,64.0,1.7,4.4,7.4,470.49599999999987,430.4,,2004-03-01,1.0,6.123233995736766e-17
الخالص,2004,4,21.3,13.6,28.91,45.4,4.5,13.4,9.0,604.1279999999999,203.3,183.56,2004-04-01,0.8660254037844387,-0.4999999999999998
بلدروز,2004,4,23.2,16.2,30.04,37.1,3.3,11.7,8.5,587.4240000000001,232.5,178.38,2004-04-01,0.8660254037844387,-0.4999999999999998
خانقين,2004,4,20.849999999999998,14.9,29.61,50.0,2.3,9.0,7.6,545.664,388.4,,2004-04-01,0.8660254037844387,-0.4999999999999998
الخالص,2004,5,27.0,19.1,34.85,42.6,4.1,5.5,10.7,712.7040000000001,288.87916800000005,236.37,2004-05-01,0.49999999999999994,-0.8660254037844387
بلدروز,2004,5,29.7,22.1,36.61,26.6,3.2,3.5,9.7,673.7279999999998,326.5,237.51,2004-05-01,0.49999999999999994,-0.8660254037844387
خانقين,2004,5,28.262500000000003,21.1,35.42,36.0,1.7,20.1,9.1,645.8879999999999,358.8,,2004-05-01,0.49999999999999994,-0.8660254037844387
الخالص,2004,6,31.0,21.6,40.49,31.8,5.0,0.0,12.9,812.9279999999999,404.18318719999996,314.15,2004-06-01,1.2246467991473532e-16,-1.0
بلدروز,2004,6,35.3,25.9,43.19,20.0,4.1,0.0,12.8,810.144,446.8,319.58,2004-06-01,1.2246467991473532e-16,-1.0
خانقين,2004,6,33.525,24.4,42.73,26.0,2.4,0.0,11.8,765.5999999999999,520.7,,2004-06-01,1.2246467991473532e-16,-1.0
الخالص,2004,7,33.9,24.3,43.57,30.8,4.4,0.0,12.7,796.224,375.1036672,327.23,2004-07-01,-0.4999999999999997,-0.8660254037844388
بلدروز,2004,7,37.3,28.0,46.26,17.0,3.3,0.0,12.0,768.384,476.9,313.44,2004-07-01,-0.4999999999999997,-0.8660254037844388
خانقين,2004,7,36.412499999999994,27.6,45.9,25.0,1.4,0.0,11.2,732.192,593.7,,2004-07-01,-0.4999999999999997,-0.8660254037844388
الخالص,2004,8,32.4,22.9,41.84,36.6,3.8,0.0,12.1,737.76,325.84669312,282.47,2004-08-01,-0.8660254037844384,-0.5000000000000004
بلدروز,2004,8,36.0,26.7,44.44,20.6,4.1,0.0,12.1,740.5440000000001,475.3,325.12,2004-08-01,-0.8660254037844384,-0.5000000000000004
خانقين,2004,8,34.825,25.6,44.0,27.0,1.2,0.0,10.8,682.08,558.0,,2004-08-01,-0.8660254037844384,-0.5000000000000004
الخالص,2004,9,29.8,19.7,39.8,39.3,3.0,0.0,10.3,601.344,281.9638272,208.59,2004-09-01,-1.0,-1.8369701987210297e-16
بلدروز,2004,9,32.7,23.5,42.55,24.8,2.2,0.0,10.8,623.616,327.6,203.42,2004-09-01,-1.0,-1.8369701987210297e-16
خانقين,2004,9,31.237499999999997,23.1,42.6,35.0,1.2,0.0,9.0,548.4479999999999,474.9,,2004-09-01,-1.0,-1.8369701987210297e-16
الخالص,2004,10,25.7,17.1,34.28,42.0,2.0,0.5,7.8,428.736,181.816608,138.69,2004-10-01,-0.8660254037844386,0.5000000000000001
بلدروز,2004,10,28.2,20.8,36.86,31.8,1.4,0.8,8.1,442.65599999999995,252.5,132.44,2004-10-01,-0.8660254037844386,0.5000000000000001
خانقين,2004,10,26.3125,19.6,35.8,41.0,1.1,0.8,6.0,364.70399999999995,401.2,,2004-10-01,-0.8660254037844386,0.5000000000000001
الخالص,2004,11,16.5,10.5,22.51,67.5,2.8,11.6,6.6,320.15999999999997,91.62313599999999,77.66,2004-11-01,-0.5000000000000004,0.8660254037844384
بلدروز,2004,11,17.3,12.6,23.23,65.1,2.0,70.9,5.9,306.24,95.3,75.02,2004-11-01,-0.5000000000000004,0.8660254037844384
خانقين,2004,11,17.2875,11.9,22.5,55.0,1.7,73.7,4.8,267.264,135.9,,2004-11-01,-0.5000000000000004,0.8660254037844384
الخالص,2004,12,8.7,2.0,15.33,69.3,1.6,26.4,6.0,275.616,52.7,41.27,2004-12-01,-2.4492935982947064e-16,1.0
بلدروز,2004,12,9.2,4.5,15.56,71.6,1.7,37.6,6.2,283.968,49.1,42.41,2004-12-01,-2.4492935982947064e-16,1.0
خانقين,2004,12,14.2875,3.7,15.6,58.0,0.8,21.7,4.7,236.64,38.5,,2004-12-01,-2.4492935982947064e-16,1.0
الخالص,2005,1,9.7,3.9,15.44,73.9,3.5,28.4,5.725806451612904,286.752,54.195648000000006,53.32,2005-01-01,0.49999999999999994,0.8660254037844387
بلدروز,2005,1,10.4,5.7,15.2,77.0,2.6,38.5,5.9,295.104,63.3,46.92,2005-01-01,0.49999999999999994,0.8660254037844387
خانقين,2005,1,9.690000000000001,5.0,16.0,76.0,1.3,57.4,4.606451612903226,250.55999999999995,35.8,,2005-01-01,0.49999999999999994,0.8660254037844387
الخالص,2005,2,11.5,5.6,17.32,65.4,3.5,13.1,6.422222222222221,364.70399999999995,88.7405952,66.27,2005-02-01,0.8660254037844386,0.5000000000000001
بلدروز,2005,2,11.8,6.8,17.7,69.0,2.4,25.6,7.3,395.32800000000003,81.5,59.54,2005-02-01,0.8660254037844386,0.5000000000000001
خانقين,2005,2,12.11,5.7,17.1,72.0,1.1,34.0,5.453214285714284,331.296,44.7,,2005-02-01,0.8660254037844386,0.5000000000000001
الخالص,2005,3,16.5,10.0,23.0,57.1,3.5,39.5,7.82857142857143,489.98400000000004,169.6590336,115.0,2005-03-01,1.0,6.123233995736766e-17
بلدروز,2005,3,17.2,11.4,23.1,57.0,3.5,48.4,7.2,470.49599999999987,165.7,114.18,2005-03-01,1.0,6.123233995736766e-17
خانقين,2005,3,16.299999999999997,9.6,22.0,49.0,1.3,85.7,6.048387096774194,420.38399999999996,109.1,,2005-03-01,1.0,6.123233995736766e-17
الخالص,2005,4,23.4,16.1,30.76,47.0,3.2,8.8,8.810344827586206,595.776,202.58889599999998,168.11,2005-04-01,0.8660254037844387,-0.4999999999999998
بلدروز,2005,4,25.4,18.6,31.9,40.0,3.7,7.8,9.0,606.912,258.4,192.06,2005-04-01,0.8660254037844387,-0.4999999999999998
خانقين,2005,4,21.324999999999996,16.4,31.4,55.0,1.8,19.9,7.356666666666666,537.312,182.6,,2005-04-01,0.8660254037844387,-0.4999999999999998
الخالص,2005,5,27.0,18.5,35.4,37.4,2.7,0.5,10.648387096774192,707.136,293.0575616,213.01,2005-05-01,0.49999999999999994,-0.8660254037844387
بلدروز,2005,5,30.5,22.5,37.7,28.0,3.3,0.9,9.3,657.024,335.0,244.44,2005-05-01,0.49999999999999994,-0.8660254037844387
خانقين,2005,5,28.543750000000003,21.7,36.6,35.0,1.3,0.8,8.348387096774195,612.48,273.2,,2005-05-01,0.49999999999999994,-0.8660254037844387
الخالص,2005,6,30.9,22.2,39.64,29.7,3.8,0.0,11.972000000000001,776.7359999999999,420.94724864,276.38,2005-06-01,1.2246467991473532e-16,-1.0
بلدروز,2005,6,34.8,26.1,42.6,23.0,5.0,0.0,11.4,751.6800000000001,469.8,336.99,2005-06-01,1.2246467991473532e-16,-1.0
خانقين,2005,6,33.5875,25.3,42.0,24.0,0.9,0.0,9.614666666666666,676.512,398.7,,2005-06-01,1.2246467991473532e-16,-1.0
الخالص,2005,7,33.9,24.5,43.36,31.0,3.1,0.0,10.845161290322583,718.272,384.41592064,271.76,2005-07-01,-0.4999999999999997,-0.8660254037844388
بلدروز,2005,7,37.8,29.0,46.1,23.0,4.6,0.0,10.6,712.7040000000001,504.2,352.71,2005-07-01,-0.4999999999999997,-0.8660254037844388
خانقين,2005,7,36.668749999999996,28.3,46.1,25.0,0.9,0.0,9.09032258064516,648.672,605.0,,2005-07-01,-0.4999999999999997,-0.8660254037844388
الخالص,2005,8,33.1,23.8,42.35,34.0,2.8,0.0,9.8,645.8879999999999,330.127423744,244.12,2005-08-01,-0.8660254037844384,-0.5000000000000004
بلدروز,2005,8,36.7,27.9,45.0,24.0,3.9,0.0,10.0,657.024,482.0,306.83,2005-08-01,-0.8660254037844384,-0.5000000000000004
خانقين,2005,8,35.1875,27.6,44.7,26.0,0.9,0.0,8.345161290322583,584.64,604.5,,2005-08-01,-0.8660254037844384,-0.5000000000000004
الخالص,2005,9,28.5,19.2,38.5,38.0,1.8,0.0,10.353333333333332,604.1279999999999,293.07281664,172.3,2005-09-01,-1.0,-1.8369701987210297e-16
بلدروز,2005,9,30.8,22.4,40.7,28.0,3.9,0.0,10.9,626.4000000000001,372.5,256.41,2005-09-01,-1.0,-1.8369701987210297e-16
خانقين,2005,9,31.206249999999997,21.5,40.2,35.0,0.9,0.1,8.3,523.392,442.2,,2005-09-01,-1.0,-1.8369701987210297e-16
الخالص,2005,10,23.3,14.3,32.31,47.0,1.4,0.0,8.267999999999999,445.43999999999994,188.3833216,115.05,2005-10-01,-0.8660254037844386,0.5000000000000001
بلدروز,2005,10,26.2,18.2,34.5,33.0,3.1,0.0,9.1,473.28,239.3,180.22,2005-10-01,-0.8660254037844386,0.5000000000000001
خانقين,2005,10,26.06875,17.2,34.2,56.0,0.8,0.0,6.974193548387096,398.112,299.9,,2005-10-01,-0.8660254037844386,0.5000000000000001
الخالص,2005,11,15.1,7.1,23.1,58.0,1.3,2.7,7.883333333333335,356.35200000000003,94.7446272,63.46,2005-11-01,-0.5000000000000004,0.8660254037844384
بلدروز,2005,11,16.3,9.9,24.3,59.0,2.3,16.0,7.9,361.9199999999999,107.6,82.92,2005-11-01,-0.5000000000000004,0.8660254037844384
خانقين,2005,11,17.18125,9.6,24.7,75.0,0.5,7.4,6.623333333333334,314.592,124.2,,2005-11-01,-0.5000000000000004,0.8660254037844384
الخالص,2005,12,14.0,6.5,21.54,60.0,1.9,5.4,6.49,286.752,53.08,60.93,2005-12-01,-2.4492935982947064e-16,1.0
بلدروز,2005,12,14.5,8.7,21.7,60.0,2.2,14.1,6.7,295.104,89.9,66.52,2005-12-01,-2.4492935982947064e-16,1.0
خانقين,2005,12,13.931249999999999,8.2,23.3,82.0,0.7,16.8,5.925806451612903,264.48,120.8,,2005-12-01,-2.4492935982947064e-16,1.0
الخالص,2006,1,9.7,4.1,15.26,74.0,2.7,73.7,5.448387096774194,278.4,53.5147776,46.14,2006-01-01,0.49999999999999994,0.8660254037844387
بلدروز,2006,1,11.0,6.1,16.5,68.0,2.9,29.1,6.3,306.24,76.8,56.1,2006-01-01,0.49999999999999994,0.8660254037844387
خانقين,2006,1,15.8,5.5,15.8,82.0,1.0,57.4,4.606451612903226,250.55999999999995,55.3,,2006-01-01,0.49999999999999994,0.8660254037844387
الخالص,2006,2,13.2,7.7,18.78,67.0,4.3,62.8,5.692592592592592,342.432,85.84871424,72.19,2006-02-01,0.8660254037844386,0.5000000000000001
بلدروز,2006,2,14.6,8.9,19.1,67.0,3.2,70.8,5.3,334.08,88.4,65.84,2006-02-01,0.8660254037844386,0.5000000000000001
خانقين,2006,2,18.9,8.6,18.9,76.0,1.0,65.4,4.2857142857142865,295.104,59.5,,2006-02-01,0.8660254037844386,0.5000000000000001
الخالص,2006,3,17.9,10.4,25.38,46.0,3.3,0.1,8.623333333333335,517.8240000000001,163.79084032,137.03,2006-03-01,1.0,6.123233995736766e-17
بلدروز,2006,3,19.2,11.2,26.4,45.0,4.0,2.8,8.6,520.608,188.6,152.31,2006-03-01,1.0,6.123233995736766e-17
خانقين,2006,3,17.7,11.0,25.4,62.0,1.0,8.0,6.690322580645161,445.43999999999994,151.3,,2006-03-01,1.0,6.123233995736766e-17
الخالص,2006,4,22.4,15.7,29.19,56.0,3.3,44.1,7.84,556.8,190.0266752,149.51,2006-04-01,0.8660254037844387,-0.4999999999999998
بلدروز,2006,4,24.1,17.7,30.7,51.0,3.5,54.5,8.1,570.7199999999999,223.4,164.46,2006-04-01,0.8660254037844387,-0.4999999999999998
خانقين,2006,4,29.3,16.6,29.3,75.0,1.3,35.8,5.206666666666666,453.79200000000003,145.8,,2006-04-01,0.8660254037844387,-0.4999999999999998
الخالص,2006,5,28.2,19.8,36.69,40.0,2.7,2.5,10.04,684.864,280.72907391999996,211.32,2006-05-01,0.49999999999999994,-0.8660254037844387
بلدروز,2006,5,31.8,23.7,39.1,33.0,2.7,1.8,9.7,673.7279999999998,337.4,225.92,2006-05-01,0.49999999999999994,-0.8660254037844387
خانقين,2006,5,30.5,22.8,38.1,33.0,0.7,0.0,8.253333333333334,612.48,204.9,,2006-05-01,0.49999999999999994,-0.8660254037844387
الخالص,2006,6,32.8,23.2,42.34,28.0,3.0,0.0,12.753333333333332,807.36,404.576698368,267.66,2006-06-01,1.2246467991473532e-16,-1.0
بلدروز,2006,6,36.9,27.5,45.4,22.0,3.9,0.0,12.7,804.5759999999998,499.6,320.7,2006-06-01,1.2246467991473532e-16,-1.0
خانقين,2006,6,38.8,26.5,45.2,31.0,0.8,0.0,10.02,693.216,429.4,,2006-06-01,1.2246467991473532e-16,-1.0
الخالص,2006,7,33.6,25.1,42.06,30.0,4.1,0.0,11.876666666666667,762.816,394.952928768,307.32,2006-07-01,-0.4999999999999997,-0.8660254037844388
بلدروز,2006,7,37.4,29.1,45.1,20.0,5.0,0.0,11.9,765.5999999999999,529.2,376.93,2006-07-01,-0.4999999999999997,-0.8660254037844388
خانقين,2006,7,36.2,27.5,44.6,25.0,0.7,0.0,9.761290322580644,676.512,554.2,,2006-07-01,-0.4999999999999997,-0.8660254037844388
الخالص,2006,8,34.3,25.7,42.96,33.0,1.9,0.0,10.226923076923079,662.592,334.9665788928,218.4,2006-08-01,-0.8660254037844384,-0.5000000000000004
بلدروز,2006,8,38.3,29.2,37.2,21.0,2.9,0.0,10.6,679.2959999999998,446.4,251.05,2006-08-01,-0.8660254037844384,-0.5000000000000004
خانقين,2006,8,38.0,29.6,47.2,25.0,0.5,0.0,8.512903225806452,592.992,612.1,,2006-08-01,-0.8660254037844384,-0.5000000000000004
الخالص,2006,9,28.5,19.0,38.09,40.0,2.3,0.0,10.116666666666669,592.992,293.707379968,183.54,2006-09-01,-1.0,-1.8369701987210297e-16
بلدروز,2006,9,32.0,22.9,41.5,25.0,3.0,0.0,10.8,623.616,343.6,228.01,2006-09-01,-1.0,-1.8369701987210297e-16
خانقين,2006,9,31.0,22.4,40.7,25.0,0.6,0.0,8.133333333333335,515.04,438.2,,2006-09-01,-1.0,-1.8369701987210297e-16
الخالص,2006,10,25.6,18.5,32.7,50.0,3.3,17.1,6.606451612903223,389.76,188.27998592,154.12,2006-10-01,-0.8660254037844386,0.5000000000000001
بلدروز,2006,10,28.2,22.2,34.6,41.0,3.0,5.8,5.7,364.70399999999995,233.9,163.46,2006-10-01,-0.8660254037844386,0.5000000000000001
خانقين,2006,10,26.4,25.6,34.4,32.0,1.1,16.9,4.953333333333333,334.08,323.2,,2006-10-01,-0.8660254037844386,0.5000000000000001
الخالص,2006,11,14.3,6.6,22.09,56.0,2.2,3.8,7.553333333333334,348.0,95.69355264000001,78.84,2006-11-01,-0.5000000000000004,0.8660254037844384
بلدروز,2006,11,15.8,9.3,23.1,60.0,2.0,39.1,7.8,359.136,97.4,79.74,2006-11-01,-0.5000000000000004,0.8660254037844384
خانقين,2006,11,16.8,9.8,23.7,44.0,0.6,17.7,6.596666666666668,314.592,142.4,,2006-11-01,-0.5000000000000004,0.8660254037844384
الخالص,2006,12,8.8,1.9,15.77,63.0,2.1,3.0,6.164516129032258,278.4,54.516,49.74,2006-12-01,-2.4492935982947064e-16,1.0
بلدروز,2006,12,8.9,3.9,14.3,74.0,2.0,30.8,6.0,278.4,52.1,41.95,2006-12-01,-2.4492935982947064e-16,1.0
خانقين,2006,12,9.4,3.8,17.1,73.0,0.4,4.0,5.67741935483871,258.91200000000003,111.5,,2006-12-01,-2.4492935982947064e-16,1.0
الخالص,2007,1,8.2,2.1,14.7,76.0,1.9,55.5,6.583870967741936,309.02399999999994,53.937733120000004,41.45,2007-01-01,0.49999999999999994,0.8660254037844387
بلدروز,2007,1,10.7,3.9,14.24,78.0,2.6,22.7,5.7,289.536,53.4,42.62,2007-01-01,0.49999999999999994,0.8660254037844387
خانقين,2007,1,8.6,3.7,15.4,73.8,0.6,89.4,5.370967741935484,270.048,44.0,,2007-01-01,0.49999999999999994,0.8660254037844387
الخالص,2007,2,12.2,6.3,18.4,72.0,2.3,22.8,5.985714285714287,350.784,87.938457088,54.97,2007-02-01,0.8660254037844386,0.5000000000000001
بلدروز,2007,2,13.2,8.2,19.04,70.0,2.6,59.5,6.2,361.9199999999999,78.3,59.8,2007-02-01,0.8660254037844386,0.5000000000000001
خانقين,2007,2,11.9,7.4,18.1,62.1,0.2,57.3,5.6080000000000005,334.08,73.9176,,2007-02-01,0.8660254037844386,0.5000000000000001
الخالص,2007,3,16.0,8.8,23.0,54.0,2.4,4.0,7.903448275862069,492.76800000000003,168.98900838400002,107.09,2007-03-01,1.0,6.123233995736766e-17
بلدروز,2007,3,18.2,11.5,23.85,51.0,3.0,18.7,7.6,484.41599999999994,146.7,119.2,2007-03-01,1.0,6.123233995736766e-17
خانقين,2007,3,17.2,11.7,22.7,52.5,0.5,10.8,6.913333333333335,451.00800000000004,191.45999999999998,,2007-03-01,1.0,6.123233995736766e-17
الخالص,2007,4,20.3,13.7,27.0,54.0,3.4,44.0,7.6413793103448295,548.4479999999999,193.87201024,142.53,2007-04-01,0.8660254037844387,-0.4999999999999998
بلدروز,2007,4,24.75,17.6,29.64,43.0,3.8,16.4,6.0,487.20000000000005,210.8,167.21,2007-04-01,0.8660254037844387,-0.4999999999999998
خانقين,2007,4,21.7,14.3,29.0,38.3,0.4,83.0,6.17,492.76800000000003,117.3,,2007-04-01,0.8660254037844387,-0.4999999999999998
الخالص,2007,5,30.2,22.1,36.2,38.0,2.4,1.4,8.84,634.752,281.114888704,198.01,2007-05-01,0.49999999999999994,-0.8660254037844387
بلدروز,2007,5,31.15,24.9,40.14,28.0,2.7,0.5,6.6,545.664,338.4,216.59,2007-05-01,0.49999999999999994,-0.8660254037844387
خانقين,2007,5,31.3,24.3,39.2,29.7,0.8,4.0,7.6,584.64,415.6,,2007-05-01,0.49999999999999994,-0.8660254037844387
الخالص,2007,6,32.8,24.0,40.9,31.0,2.6,0.0,11.643333333333334,760.0319999999999,396.3120380416,241.8,2007-06-01,1.2246467991473532e-16,-1.0
بلدروز,2007,6,35.849999999999994,27.1,44.25,20.0,4.0,0.0,11.7,765.5999999999999,460.8,317.44,2007-06-01,1.2246467991473532e-16,-1.0
خانقين,2007,6,34.9,26.9,43.5,26.5,0.6,0.0,9.386666666666665,668.16,419.1,,2007-06-01,1.2246467991473532e-16,-1.0
الخالص,2007,7,34.3,25.1,42.9,31.0,2.9,0.0,10.25,698.784,380.2835145216,262.93,2007-07-01,-0.4999999999999997,-0.8660254037844388
بلدروز,2007,7,37.599999999999994,28.9,45.29,19.5,3.3,0.0,10.3,698.784,444.2,299.48,2007-07-01,-0.4999999999999997,-0.8660254037844388
خانقين,2007,7,37.1,29.8,45.0,27.6,0.4,0.0,7.819354838709677,595.776,452.8,,2007-07-01,-0.4999999999999997,-0.8660254037844388
الخالص,2007,8,34.4,25.0,43.5,32.0,2.3,0.0,11.283870967741937,707.136,318.81989467136,239.44,2007-08-01,-0.8660254037844384,-0.5000000000000004
بلدروز,2007,8,37.5,28.6,45.55,20.2,3.8,0.0,11.8,726.624,454.2,321.92,2007-08-01,-0.8660254037844384,-0.5000000000000004
خانقين,2007,8,36.4,28.8,45.0,30.9,0.8,0.0,9.26774193548387,623.616,485.8,,2007-08-01,-0.8660254037844384,-0.5000000000000004
الخالص,2007,9,30.7,20.7,40.8,32.0,2.2,0.0,10.676666666666666,615.264,285.8088559616,194.62,2007-09-01,-1.0,-1.8369701987210297e-16
بلدروز,2007,9,31.4,23.3,42.3,18.1,3.8,0.0,10.8,623.616,381.2,272.3,2007-09-01,-1.0,-1.8369701987210297e-16
خانقين,2007,9,32.0,22.8,42.4,43.5,0.7,0.0,9.296666666666669,559.584,434.6,,2007-09-01,-1.0,-1.8369701987210297e-16
الخالص,2007,10,25.3,17.9,34.5,43.0,1.6,0.1,7.923333333333334,431.5199999999999,182.73598310399998,125.49,2007-10-01,-0.8660254037844386,0.5000000000000001
بلدروز,2007,10,27.2,20.1,36.41,25.2,2.6,0.0,8.6,456.5759999999999,234.5,176.23,2007-10-01,-0.8660254037844386,0.5000000000000001
خانقين,2007,10,27.1,19.8,36.2,61.5,0.7,0.1,6.8166666666666655,389.76,362.5,,2007-10-01,-0.8660254037844386,0.5000000000000001
الخالص,2007,11,15.9,8.5,24.6,56.0,1.1,0.0,8.396666666666667,370.27200000000005,92.192263168,68.24,2007-11-01,-0.5000000000000004,0.8660254037844384
بلدروز,2007,11,16.05,9.8,26.33,38.2,2.4,0.0,8.3,373.05600000000004,135.7,106.77,2007-11-01,-0.5000000000000004,0.8660254037844384
خانقين,2007,11,17.5,10.7,26.7,72.9,0.6,0.1,6.866666666666669,322.94399999999996,268.7,,2007-11-01,-0.5000000000000004,0.8660254037844384
الخالص,2007,12,10.1,3.7,18.0,62.0,1.6,5.0,6.820689655172414,295.104,52.1192,49.94,2007-12-01,-2.4492935982947064e-16,1.0
بلدروز,2007,12,11.7,5.7,18.66,53.2,2.9,6.2,6.4,289.536,90.3,75.41,2007-12-01,-2.4492935982947064e-16,1.0
خانقين,2007,12,11.0,5.2,19.3,75.5,0.6,12.6,5.670967741935484,258.91200000000003,75.36,,2007-12-01,-2.4492935982947064e-16,1.0
الخالص,2008,1,6.1,0.3,13.0,68.1,2.4,34.7,6.584615384615385,309.02399999999994,52.925279744,46.9,2008-01-01,0.49999999999999994,0.8660254037844387
بلدروز,2008,1,10.85,2.5,12.8,70.0,1.7,34.602000000000004,5.4,281.18399999999997,50.0,39.62,2008-01-01,0.49999999999999994,0.8660254037844387
خانقين,2008,1,6.7,2.6,13.1,77.0,1.0,52.0,5.812903225806452,281.18399999999997,59.0,,2008-01-01,0.49999999999999994,0.8660254037844387
الخالص,2008,2,11.0,4.5,18.2,61.1,3.6,14.8,7.148275862068968,384.192,85.6661485056,71.51,2008-02-01,0.8660254037844386,0.5000000000000001
بلدروز,2008,2,13.899999999999999,7.1,19.2,48.0,3.5,11.100999999999999,7.0,386.976,129.5,84.94,2008-02-01,0.8660254037844386,0.5000000000000001
خانقين,2008,2,11.5,6.1,18.0,77.0,1.0,16.8,5.7172413793103445,336.8639999999999,135.6,,2008-02-01,0.8660254037844386,0.5000000000000001
الخالص,2008,3,19.9,11.8,28.4,45.2,2.9,2.8,7.383870967741935,473.28,165.5668100608,137.06,2008-03-01,1.0,6.123233995736766e-17
بلدروز,2008,3,18.7,14.7,29.9,30.0,2.8,0.503,7.3,473.28,227.6,154.23,2008-03-01,1.0,6.123233995736766e-17
خانقين,2008,3,20.7,13.5,28.8,66.0,0.9,8.3,8.4,503.904,216.3,,2008-03-01,1.0,6.123233995736766e-17
الخالص,2008,4,23.9,15.5,32.0,39.6,2.6,0.4,7.4733333333333345,545.664,196.426412288,161.73,2008-04-01,0.8660254037844387,-0.4999999999999998
بلدروز,2008,4,24.425,18.7,33.8,23.0,2.9,2.803,7.7,554.0159999999998,269.2,195.4,2008-04-01,0.8660254037844387,-0.4999999999999998
خانقين,2008,4,25.4,18.8,33.5,58.0,0.5,0.1,6.396666666666666,498.336,278.64,,2008-04-01,0.8660254037844387,-0.4999999999999998
الخالص,2008,5,27.5,18.1,35.2,30.7,2.0,0.1,8.996774193548388,643.1040000000002,285.43786644479997,188.3,2008-05-01,0.49999999999999994,-0.8660254037844387
بلدروز,2008,5,31.475,22.2,37.7,22.0,2.6,0.203,9.4,659.8079999999999,354.9,224.01,2008-05-01,0.49999999999999994,-0.8660254037844387
خانقين,2008,5,29.0,21.8,36.7,66.0,0.6,0.1,7.264516129032258,573.504,472.4,,2008-05-01,0.49999999999999994,-0.8660254037844387
الخالص,2008,6,32.5,23.6,40.6,26.7,3.2,0.0,9.763333333333334,687.648,402.83444564992,253.03,2008-06-01,1.2246467991473532e-16,-1.0
بلدروز,2008,6,36.375,26.3,42.9,22.0,4.5,0.0,10.8,726.624,467.0,320.15,2008-06-01,1.2246467991473532e-16,-1.0
خانقين,2008,6,34.7,27.7,42.7,34.0,0.8,0.0,8.36,629.184,493.4,,2008-06-01,1.2246467991473532e-16,-1.0
الخالص,2008,7,33.9,24.6,43.2,28.8,2.5,0.0,10.296428571428569,698.784,380.04021742592,250.36,2008-07-01,-0.4999999999999997,-0.8660254037844388
بلدروز,2008,7,37.5,29.0,45.4,15.0,3.9,0.0,10.1,690.432,493.4,323.91,2008-07-01,-0.4999999999999997,-0.8660254037844388
خانقين,2008,7,36.4,29.0,45.1,37.0,0.6,0.0,7.33225806451613,576.2879999999999,682.0,,2008-07-01,-0.4999999999999997,-0.8660254037844388
الخالص,2008,8,33.2,25.6,44.0,30.0,2.4,0.0,10.43,670.944,326.12387360563196,241.48,2008-08-01,-0.8660254037844384,-0.5000000000000004
بلدروز,2008,8,37.9,29.5,46.3,20.0,3.8,0.0,10.5,676.512,463.1,319.0,2008-08-01,-0.8660254037844384,-0.5000000000000004
خانقين,2008,8,37.5,29.7,46.2,39.0,0.7,0.0,7.667741935483869,562.3679999999999,685.3,,2008-08-01,-0.8660254037844384,-0.5000000000000004
الخالص,2008,9,31.4,23.3,39.5,37.0,1.8,0.2,7.903333333333332,512.256,285.29062715392,166.99,2008-09-01,-1.0,-1.8369701987210297e-16
بلدروز,2008,9,31.7,26.0,41.41,26.0,3.4,11.3,8.3,528.96,334.9,242.44,2008-09-01,-1.0,-1.8369701987210297e-16
خانقين,2008,9,33.2,26.0,41.2,51.0,0.8,0.1,6.2,445.43999999999994,438.0,,2008-09-01,-1.0,-1.8369701987210297e-16
الخالص,2008,10,24.2,17.1,31.2,49.3,2.5,61.0,6.916129032258064,400.896,179.4031797248,135.58,2008-10-01,-0.8660254037844386,0.5000000000000001
بلدروز,2008,10,27.7,19.1,33.41,42.0,3.2,71.4,7.7,428.736,236.5,168.46,2008-10-01,-0.8660254037844386,0.5000000000000001
خانقين,2008,10,25.1,19.0,33.0,47.0,0.7,78.5,6.153333333333332,373.05600000000004,373.1,,2008-10-01,-0.8660254037844386,0.5000000000000001
الخالص,2008,11,16.5,9.2,23.7,69.0,1.4,22.1,8.01,359.136,91.6107158016,65.06,2008-11-01,-0.5000000000000004,0.8660254037844384
بلدروز,2008,11,15.925,11.3,24.05,61.0,1.9,49.0,7.7,356.35200000000003,92.6,77.7,2008-11-01,-0.5000000000000004,0.8660254037844384
خانقين,2008,11,16.9,11.4,24.8,77.0,0.3,37.8,7.18,331.296,120.4,,2008-11-01,-0.5000000000000004,0.8660254037844384
الخالص,2008,12,11.3,4.4,18.28,61.6,3.2,8.3,8.264190364696484,331.296,51.58304,69.7,2008-12-01,-2.4492935982947064e-16,1.0
بلدروز,2008,12,10.3,6.2,17.46,62.0,2.6,14.801,6.9,300.672,80.1,62.23,2008-12-01,-2.4492935982947064e-16,1.0
خانقين,2008,12,11.0,5.5,19.2,75.0,0.3,4.5,6.383870967741937,278.4,254.3,,2008-12-01,-2.4492935982947064e-16,1.0
الخالص,2009,1,8.2,2.1,15.8,63.0,1.9,9.0,6.867741935483871,317.376,53.2346876928,50.48,2009-01-01,0.49999999999999994,0.8660254037844387
بلدروز,2009,1,9.7,4.2,16.1,59.0,2.2,4.4,7.4,334.08,67.8,57.22,2009-01-01,0.49999999999999994,0.8660254037844387
خانقين,2009,1,9.3,3.9,17.1,78.0,0.3,16.1,6.367741935483872,297.888,118.9,,2009-01-01,0.49999999999999994,0.8660254037844387
الخالص,2009,2,13.9,7.9,20.9,54.0,3.2,3.2,6.25,361.9199999999999,86.67878300672001,82.34,2009-02-01,0.8660254037844386,0.5000000000000001
بلدروز,2009,2,15.5,10.6,20.5,50.0,3.3,16.3,6.0,353.568,116.8,87.46,2009-02-01,0.8660254037844386,0.5000000000000001
خانقين,2009,2,14.0,8.8,20.9,71.0,0.5,18.0,5.214285714285714,320.15999999999997,116.5,,2009-02-01,0.8660254037844386,0.5000000000000001
الخالص,2009,3,16.6,10.4,23.3,50.0,3.3,14.1,6.361290322580646,439.87199999999996,168.28113847296,120.68,2009-03-01,1.0,6.123233995736766e-17
بلدروز,2009,3,18.5,12.5,24.5,39.0,3.2,10.2,6.9,459.36,172.9,136.87,2009-03-01,1.0,6.123233995736766e-17
خانقين,2009,3,16.8,11.8,23.7,58.0,0.8,23.1,4.048387096774193,348.0,219.712,,2009-03-01,1.0,6.123233995736766e-17
الخالص,2009,4,20.8,13.6,27.8,47.0,2.0,9.3,8.003333333333332,565.1519999999999,197.24279874559997,130.95,2009-04-01,0.8660254037844387,-0.4999999999999998
بلدروز,2009,4,23.3,17.2,29.4,36.0,2.7,10.9,7.6,551.232,214.2,158.7,2009-04-01,0.8660254037844387,-0.4999999999999998
خانقين,2009,4,21.2,14.9,28.0,50.0,1.1,21.3,6.417241379310344,498.336,417.6,,2009-04-01,0.8660254037844387,-0.4999999999999998
الخالص,2009,5,27.9,19.2,42.2,34.0,1.7,0.1,8.358064516129033,618.0479999999999,285.84371173376,188.6,2009-05-01,0.49999999999999994,-0.8660254037844387
بلدروز,2009,5,31.5,24.2,38.5,21.0,2.4,3.6,6.9,559.584,325.6,208.85,2009-05-01,0.49999999999999994,-0.8660254037844387
خانقين,2009,5,29.5,23.0,37.5,31.0,0.3,1.0,7.112903225806453,565.1519999999999,400.0,,2009-05-01,0.49999999999999994,-0.8660254037844387
الخالص,2009,6,33.2,23.9,41.9,27.0,2.6,0.1,9.18,662.592,405.77072357990403,234.82,2009-06-01,1.2246467991473532e-16,-1.0
بلدروز,2009,6,36.1,27.7,43.5,17.0,3.2,0.0,11.7,765.5999999999999,429.4,285.81,2009-06-01,1.2246467991473532e-16,-1.0
خانقين,2009,6,35.3,27.9,43.1,24.0,0.6,0.0,7.376666666666666,587.4240000000001,452.26000000000005,,2009-06-01,1.2246467991473532e-16,-1.0
الخالص,2009,7,33.3,25.2,41.7,32.0,2.9,0.0,11.193651305683563,734.9759999999999,382.959249711104,264.02,2009-07-01,-0.4999999999999997,-0.8660254037844388
بلدروز,2009,7,37.2,30.1,44.1,17.0,4.9,0.0,11.9,765.5999999999999,479.1,370.05,2009-07-01,-0.4999999999999997,-0.8660254037844388
خانقين,2009,7,36.3,28.8,44.1,20.0,0.4,0.0,6.970967741935483,565.1519999999999,577.5400000000001,,2009-07-01,-0.4999999999999997,-0.8660254037844388
الخالص,2009,8,33.4,23.3,43.1,28.0,2.3,0.0,11.13225806451613,698.784,327.1768928067584,237.75,2009-08-01,-0.8660254037844384,-0.5000000000000004
بلدروز,2009,8,36.6,28.1,45.0,16.0,3.9,0.0,11.3,707.136,441.5,320.32,2009-08-01,-0.8660254037844384,-0.5000000000000004
خانقين,2009,8,35.5,27.0,44.9,22.0,0.7,0.0,9.435483870967744,629.184,548.2,,2009-08-01,-0.8660254037844384,-0.5000000000000004
الخالص,2009,9,28.8,19.9,37.7,33.0,1.9,0.3,9.875862068965516,587.4240000000001,287.96870138470405,172.74,2009-09-01,-1.0,-1.8369701987210297e-16
بلدروز,2009,9,31.4,23.4,39.5,23.0,3.3,21.3,10.1,595.776,325.9,237.0,2009-09-01,-1.0,-1.8369701987210297e-16
خانقين,2009,9,30.2,23.0,39.1,26.0,0.8,0.7,8.41,526.1759999999999,450.6,,2009-09-01,-1.0,-1.8369701987210297e-16
الخالص,2009,10,24.7,16.6,33.8,42.0,1.7,12.7,8.019354838709676,434.3039999999999,184.12381566976,126.57,2009-10-01,-0.8660254037844386,0.5000000000000001
بلدروز,2009,10,27.1,19.2,34.0,31.0,3.0,10.6,8.0,439.87199999999996,231.9,174.16,2009-10-01,-0.8660254037844386,0.5000000000000001
خانقين,2009,10,26.0,18.6,35.6,34.0,0.6,16.5,6.658064516129031,386.976,351.98,,2009-10-01,-0.8660254037844386,0.5000000000000001
الخالص,2009,11,15.5,9.8,22.6,70.0,1.4,34.2,5.593103448275863,295.104,66.7,58.63,2009-11-01,-0.5000000000000004,0.8660254037844384
بلدروز,2009,11,17.7,12.4,24.0,57.0,2.0,15.2,6.3,317.376,95.6,78.7,2009-11-01,-0.5000000000000004,0.8660254037844384
خانقين,2009,11,16.7,11.7,23.9,35.0,0.3,50.6,6.90625,322.94399999999996,93.1,,2009-11-01,-0.5000000000000004,0.8660254037844384
الخالص,2009,12,13.3,8.0,19.9,71.0,2.3,4.9,5.558064516129033,264.48,65.1,55.5,2009-12-01,-2.4492935982947064e-16,1.0
بلدروز,2009,12,14.7,10.2,20.4,65.0,1.8,19.6,6.0,278.4,72.4,56.83,2009-12-01,-2.4492935982947064e-16,1.0
خانقين,2009,12,13.7,9.0,20.3,56.0,0.3,17.4,5.131578947368422,244.99200000000002,103.2,,2009-12-01,-2.4492935982947064e-16,1.0
الخالص,2010,1,13.1,7.4,20.1,64.0,4.0,3.6,6.433333333333332,303.456,88.6,77.48,2010-01-01,0.49999999999999994,0.8660254037844387
بلدروز,2010,1,14.5,9.6,20.4,58.0,3.9,3.5,6.1,300.672,104.7,85.08,2010-01-01,0.49999999999999994,0.8660254037844387
خانقين,2010,1,13.7,8.7,20.2,80.0,0.9,19.4,5.7272727272727275,278.4,147.4,,2010-01-01,0.49999999999999994,0.8660254037844387
الخالص,2010,2,13.9,8.3,20.5,62.0,2.7,26.4,5.842857142857143,345.216,82.0,70.01,2010-02-01,0.8660254037844386,0.5000000000000001
بلدروز,2010,2,16.1,11.2,21.6,51.0,3.3,35.6,6.1,359.136,115.4,90.23,2010-02-01,0.8660254037844386,0.5000000000000001
خانقين,2010,2,14.0,9.1,20.5,61.0,0.5,30.7,5.255691133004926,322.94399999999996,356.2,,2010-02-01,0.8660254037844386,0.5000000000000001
الخالص,2010,3,18.6,11.9,25.6,54.0,3.6,14.8,7.620102865617882,481.63200000000006,147.3,130.61,2010-03-01,1.0,6.123233995736766e-17
بلدروز,2010,3,21.4,15.5,27.8,42.0,3.7,20.2,6.8,456.5759999999999,220.2,155.22,2010-03-01,1.0,6.123233995736766e-17
خانقين,2010,3,19.0,13.3,25.8,44.0,0.9,37.9,5.355555555555556,398.112,261.2,,2010-03-01,1.0,6.123233995736766e-17
الخالص,2010,4,22.6,15.0,30.2,49.0,2.7,10.8,7.337931034482759,537.312,166.9,147.86,2010-04-01,0.8660254037844387,-0.4999999999999998
بلدروز,2010,4,25.0,18.5,31.8,39.0,2.5,18.9,8.1,570.7199999999999,226.1,165.47,2010-04-01,0.8660254037844387,-0.4999999999999998
خانقين,2010,4,22.6,17.0,29.9,35.0,0.6,40.3,6.45,503.904,319.7,,2010-04-01,0.8660254037844387,-0.4999999999999998
الخالص,2010,5,29.0,20.9,36.1,37.0,2.5,26.1,9.416129032258064,659.8079999999999,258.1,205.44,2010-05-01,0.49999999999999994,-0.8660254037844387
بلدروز,2010,5,31.1,24.0,37.8,25.0,3.2,19.0,8.5,623.616,353.0,239.88,2010-05-01,0.49999999999999994,-0.8660254037844387
خانقين,2010,5,29.6,23.2,36.3,29.0,0.3,19.6,6.693333333333333,548.4479999999999,404.5,,2010-05-01,0.49999999999999994,-0.8660254037844387
الخالص,2010,6,33.7,24.2,42.1,28.0,2.9,0.0,9.773333333333335,687.648,386.2,249.55,2010-06-01,1.2246467991473532e-16,-1.0
بلدروز,2010,6,36.9,28.7,44.3,16.0,3.9,0.0,10.4,712.7040000000001,459.5,309.36,2010-06-01,1.2246467991473532e-16,-1.0
خانقين,2010,6,36.1,28.4,44.1,24.0,0.5,0.0,8.77,645.8879999999999,526.8,,2010-06-01,1.2246467991473532e-16,-1.0
الخالص,2010,7,34.0,27.0,44.2,30.76,3.1,0.0,10.816666666666668,718.272,429.4,276.14,2010-07-01,-0.4999999999999997,-0.8660254037844388
بلدروز,2010,7,39.0,30.4,46.9,17.0,3.8,0.0,10.5,707.136,507.7,332.49,2010-07-01,-0.4999999999999997,-0.8660254037844388
خانقين,2010,7,38.2,28.8,47.1,21.0,1.6,0.0,8.703225806451611,631.9680000000001,574.308,,2010-07-01,-0.4999999999999997,-0.8660254037844388
الخالص,2010,8,34.0,28.8,45.0,31.4,2.34,0.0,11.258064516129034,707.136,341.5,248.11,2010-08-01,-0.8660254037844384,-0.5000000000000004
بلدروز,2010,8,38.9,30.0,47.8,19.0,1.9,0.6,10.5,676.512,402.1,235.9,2010-08-01,-0.8660254037844384,-0.5000000000000004
خانقين,2010,8,38.0,30.1,47.8,22.0,1.2,0.0,8.945161290322579,609.6959999999999,587.18,,2010-08-01,-0.8660254037844384,-0.5000000000000004
الخالص,2010,9,30.0,23.9,41.6,36.0,2.0,0.0,9.243333333333338,559.584,292.5,187.38,2010-09-01,-1.0,-1.8369701987210297e-16
بلدروز,2010,9,34.4,26.0,43.7,21.0,2.7,0.0,9.8,584.64,340.9,228.72,2010-09-01,-1.0,-1.8369701987210297e-16
خانقين,2010,9,33.3,25.5,43.3,27.0,1.3,0.0,8.048148148148147,512.256,406.7,,2010-09-01,-1.0,-1.8369701987210297e-16
الخالص,2010,10,25.0,18.9,36.1,46.260000000000005,2.0999999999999996,0.0,9.056521739130433,470.49599999999987,223.6,146.65,2010-10-01,-0.8660254037844386,0.5000000000000001
بلدروز,2010,10,28.4,20.5,37.3,28.0,2.8,0.0,9.3,481.63200000000006,268.3,187.65,2010-10-01,-0.8660254037844386,0.5000000000000001
خانقين,2010,10,26.6,19.2,36.7,39.0,0.7,0.5,7.061290322580645,400.896,342.13599999999997,,2010-10-01,-0.8660254037844386,0.5000000000000001
الخالص,2010,11,15.0,9.7,28.2,61.8,1.48,4.3,9.008000000000003,386.976,115.5,81.13,2010-11-01,-0.5000000000000004,0.8660254037844384
بلدروز,2010,11,19.5,11.6,29.0,36.0,1.6,1.9,9.1,395.32800000000003,125.6,91.46,2010-11-01,-0.5000000000000004,0.8660254037844384
خانقين,2010,11,19.4,12.2,29.8,57.0,0.5,2.4,7.989285714285713,353.568,139.9,,2010-11-01,-0.5000000000000004,0.8660254037844384
الخالص,2010,12,12.0,4.1,20.5,63.52,2.22,33.4,6.367741935483871,283.968,67.0,59.87,2010-12-01,-2.4492935982947064e-16,1.0
بلدروز,2010,12,14.1,7.7,22.3,48.0,2.4,8.3,6.8,297.888,92.5,79.23,2010-12-01,-2.4492935982947064e-16,1.0
خانقين,2010,12,13.2,7.4,22.2,59.0,0.7,56.1,6.27741935483871,275.616,66.3,,2010-12-01,-2.4492935982947064e-16,1.0
الخالص,2011,1,9.0,3.8,15.1,69.02000000000001,2.58,32.802,5.623333333333333,283.968,47.4,49.28,2011-01-01,0.49999999999999994,0.8660254037844387
بلدروز,2011,1,11.0,5.7,18.3,67.0,2.3,46.7,5.8,292.32,56.0,56.19,2011-01-01,0.49999999999999994,0.8660254037844387
خانقين,2011,1,9.7,4.6,16.1,65.0,0.6,31.9,5.122580645161291,264.48,40.8,,2011-01-01,0.49999999999999994,0.8660254037844387
الخالص,2011,2,13.0,5.6,17.8,63.220000000000006,3.2199999999999998,18.6,6.155555555555556,356.35200000000003,71.7,67.15,2011-02-01,0.8660254037844386,0.5000000000000001
بلدروز,2011,2,13.1,8.5,19.1,59.0,2.6,11.5,6.2,361.9199999999999,89.2,69.04,2011-02-01,0.8660254037844386,0.5000000000000001
خانقين,2011,2,11.8,6.8,18.3,62.0,1.0,5.2,5.578571428571427,334.08,109.1,,2011-02-01,0.8660254037844386,0.5000000000000001
الخالص,2011,3,18.0,8.5,23.6,49.839999999999996,3.0999999999999996,5.801,8.203333333333333,503.904,186.2,120.7,2011-03-01,1.0,6.123233995736766e-17
بلدروز,2011,3,18.3,11.2,24.7,38.0,3.6,14.0,7.8,492.76800000000003,188.7,145.37,2011-03-01,1.0,6.123233995736766e-17
خانقين,2011,3,16.8,10.4,24.2,54.0,1.1,14.7,7.429032258064517,470.49599999999987,153.3,,2011-03-01,1.0,6.123233995736766e-17
الخالص,2011,4,21.0,15.0,29.0,49.12,2.8,26.2,6.689285714285715,515.04,213.6,142.38,2011-04-01,0.8660254037844387,-0.4999999999999998
بلدروز,2011,4,24.5,17.8,31.6,34.0,3.5,46.7,6.7,515.04,240.5,182.79,2011-04-01,0.8660254037844387,-0.4999999999999998
خانقين,2011,4,22.7,16.8,29.7,45.0,1.3,38.6,6.128114942528734,487.20000000000005,216.8,,2011-04-01,0.8660254037844387,-0.4999999999999998
الخالص,2011,5,29.0,20.2,36.3,35.94,2.26,3.5010000000000003,7.806451612903226,595.776,286.6,189.82,2011-05-01,0.49999999999999994,-0.8660254037844387
بلدروز,2011,5,31.0,23.8,36.4,32.0,2.7,4.5,8.9,640.3199999999999,318.9,214.04,2011-05-01,0.49999999999999994,-0.8660254037844387
خانقين,2011,5,29.2,22.6,36.6,27.0,0.8,1.1,6.429032258064517,537.312,232.0,,2011-05-01,0.49999999999999994,-0.8660254037844387
الخالص,2011,6,33.0,23.9,41.3,28.139999999999997,2.8600000000000003,0.1,10.23571428571429,701.568,353.5,244.38,2011-06-01,1.2246467991473532e-16,-1.0
بلدروز,2011,6,37.5,27.7,43.8,22.0,4.0,0.0,10.9,732.192,454.3,308.12,2011-06-01,1.2246467991473532e-16,-1.0
خانقين,2011,6,35.1,27.1,43.4,25.0,0.6,0.0,7.693333333333336,601.344,428.3,,2011-06-01,1.2246467991473532e-16,-1.0
الخالص,2011,7,34.0,26.4,43.8,30.0,3.1,0.0,10.509999999999998,707.136,406.7,272.86,2011-07-01,-0.4999999999999997,-0.8660254037844388
بلدروز,2011,7,38.6,28.8,45.7,23.0,3.3,0.0,10.9,723.8399999999998,466.1,301.96,2011-07-01,-0.4999999999999997,-0.8660254037844388
خانقين,2011,7,37.1,29.3,47.0,21.0,0.8,0.0,8.516666666666666,623.616,480.7,,2011-07-01,-0.4999999999999997,-0.8660254037844388
الخالص,2011,8,34.0,25.8,44.6,30.880000000000003,2.2479999999999998,0.0,11.506451612903225,712.7040000000001,407.2,246.95,2011-08-01,-0.8660254037844384,-0.5000000000000004
بلدروز,2011,8,37.5,29.2,45.6,19.0,3.0,0.0,11.4,712.7040000000001,447.5,282.49,2011-08-01,-0.8660254037844384,-0.5000000000000004
خانقين,2011,8,36.7,27.7,45.8,18.0,0.7,0.0,9.235483870967743,620.832,440.3,,2011-08-01,-0.8660254037844384,-0.5000000000000004
الخالص,2011,9,30.0,19.2,39.8,35.6,2.04,0.1,10.093333333333334,592.992,298.9,185.47,2011-09-01,-1.0,-1.8369701987210297e-16
بلدروز,2011,9,32.9,24.0,41.8,19.0,2.5,0.2,10.4,606.912,370.1,219.92,2011-09-01,-1.0,-1.8369701987210297e-16
خانقين,2011,9,31.4,23.3,41.2,23.0,0.5,0.0,8.39,526.1759999999999,344.3,,2011-09-01,-1.0,-1.8369701987210297e-16
الخالص,2011,10,25.0,13.2,31.5,46.112,2.2399999999999998,4.101,7.87,431.5199999999999,188.3,132.66,2011-10-01,-0.8660254037844386,0.5000000000000001
بلدروز,2011,10,25.4,17.8,33.5,31.0,2.2,4.3,8.3,448.22400000000005,214.1,151.11,2011-10-01,-0.8660254037844386,0.5000000000000001
خانقين,2011,10,24.1,17.2,33.1,40.0,1.7,18.0,6.89,392.54400000000004,233.0,,2011-10-01,-0.8660254037844386,0.5000000000000001
الخالص,2011,11,16.0,3.5,21.6,62.56,1.516,1.002,7.323333333333333,339.6479999999999,96.1,63.79,2011-11-01,-0.5000000000000004,0.8660254037844384
بلدروز,2011,11,15.4,8.8,22.9,43.0,1.9,0.2,7.4,348.0,119.5,82.94,2011-11-01,-0.5000000000000004,0.8660254037844384
خانقين,2011,11,14.0,8.2,21.7,49.0,0.6,54.3,6.15,303.456,93.0,,2011-11-01,-0.5000000000000004,0.8660254037844384
الخالص,2011,12,11.0,0.1,17.4,64.224,2.284,4.9,6.189655172413792,278.4,75.1,54.49,2011-12-01,-2.4492935982947064e-16,1.0
بلدروز,2011,12,11.1,7.3,18.4,44.0,2.0,0.5,6.9,300.672,91.1,66.58,2011-12-01,-2.4492935982947064e-16,1.0
خانقين,2011,12,10.7,4.4,19.7,58.0,0.6,3.4,5.529032258064518,256.128,122.13199999999999,,2011-12-01,-2.4492935982947064e-16,1.0
الخالص,2012,1,9.0,1.0,16.4,68.024,2.556,7.301,5.96774193548387,292.32,66.6,54.75,2012-01-01,0.49999999999999994,0.8660254037844387
بلدروز,2012,1,11.1,4.5,17.9,51.0,2.0,5.8,6.9,320.15999999999997,80.4,63.33,2012-01-01,0.49999999999999994,0.8660254037844387
خانقين,2012,1,10.0,4.3,16.9,69.0,0.5,11.3,5.106451612903226,264.48,56.9,,2012-01-01,0.49999999999999994,0.8660254037844387
الخالص,2012,2,13.0,3.5,17.8,62.464,3.004,15.902999999999999,5.955172413793103,350.784,86.69999999999999,65.88,2012-02-01,0.8660254037844386,0.5000000000000001
بلدروز,2012,2,12.9,7.4,19.2,44.0,3.0,7.4,6.5,370.27200000000005,112.3,85.15,2012-02-01,0.8660254037844386,0.5000000000000001
خانقين,2012,2,11.9,7.0,18.5,66.0,1.2,45.9,6.1,348.0,158.26352,,2012-02-01,0.8660254037844386,0.5000000000000001
الخالص,2012,3,18.0,6.7,21.8,50.608,3.0599999999999996,31.8,7.95483870967742,495.552,164.59999999999997,111.4,2012-03-01,1.0,6.123233995736766e-17
بلدروز,2012,3,16.2,9.5,23.0,33.0,2.9,12.6,7.6,484.41599999999994,183.1,130.3,2012-03-01,1.0,6.123233995736766e-17
خانقين,2012,3,14.6,8.5,21.5,46.0,0.9,25.6,6.429261648745521,434.3039999999999,158.6,,2012-03-01,1.0,6.123233995736766e-17
الخالص,2012,4,22.0,15.6,32.3,47.744,2.7,6.4,8.121428571428572,567.936,231.00000000000003,156.55,2012-04-01,0.8660254037844387,-0.4999999999999998
بلدروز,2012,4,26.3,19.3,33.2,27.0,3.0,1.9,8.2,573.504,259.1,189.26,2012-04-01,0.8660254037844387,-0.4999999999999998
خانقين,2012,4,25.0,18.3,32.4,34.0,0.9,4.3,7.483333333333333,542.88,287.7,,2012-04-01,0.8660254037844387,-0.4999999999999998
الخالص,2012,5,29.0,21.3,38.2,35.128,2.172,0.0,6.216129032258064,528.96,278.6,184.31,2012-05-01,0.49999999999999994,-0.8660254037844387
بلدروز,2012,5,32.7,23.6,35.5,22.0,2.9,0.9,7.8,595.776,365.0,223.52,2012-05-01,0.49999999999999994,-0.8660254037844387
خانقين,2012,5,30.8,24.0,38.3,41.0,0.7,3.8,6.737931034482758,548.4479999999999,384.9,,2012-05-01,0.49999999999999994,-0.8660254037844387
الخالص,2012,6,33.0,23.8,43.0,28.168,2.832,0.0,9.900000000000002,690.432,416.80000000000007,249.1,2012-06-01,1.2246467991473532e-16,-1.0
بلدروز,2012,6,36.4,27.4,44.3,15.0,3.9,0.0,10.7,723.8399999999998,443.2,309.38,2012-06-01,1.2246467991473532e-16,-1.0
خانقين,2012,6,35.5,26.7,43.4,22.0,0.6,0.0,10.17,701.568,463.97200000000004,,2012-06-01,1.2246467991473532e-16,-1.0
الخالص,2012,7,34.0,26.0,45.9,30.6544,2.9,0.0,10.850000000000001,723.8399999999998,450.6,279.85,2012-07-01,-0.4999999999999997,-0.8660254037844388
بلدروز,2012,7,39.2,30.3,47.0,16.0,2.8,0.0,11.3,740.5440000000001,494.6,290.99,2012-07-01,-0.4999999999999997,-0.8660254037844388
خانقين,2012,7,38.2,29.8,46.7,23.0,0.9,0.0,10.641935483870968,709.92,552.3,,2012-07-01,-0.4999999999999997,-0.8660254037844388
الخالص,2012,8,34.0,24.6,44.1,30.456,2.3175999999999997,0.0,11.166666666666666,701.568,382.5,242.48,2012-08-01,-0.8660254037844384,-0.5000000000000004
بلدروز,2012,8,37.8,28.3,44.9,17.0,3.8,0.0,11.3,707.136,520.3,319.79,2012-08-01,-0.8660254037844384,-0.5000000000000004
خانقين,2012,8,36.4,28.0,45.4,23.0,0.8,0.0,10.206451612903225,659.8079999999999,549.356,,2012-08-01,-0.8660254037844384,-0.5000000000000004
الخالص,2012,9,30.0,20.6,40.9,34.72,1.9880000000000002,0.0,10.353333333333332,604.1279999999999,281.8,188.66,2012-09-01,-1.0,-1.8369701987210297e-16
بلدروز,2012,9,33.0,23.6,41.2,25.0,2.6,0.0,10.4,606.912,367.2,214.57,2012-09-01,-1.0,-1.8369701987210297e-16
خانقين,2012,9,32.2,23.6,42.2,25.0,0.6,0.0,9.866666666666667,581.8559999999999,414.84000000000003,,2012-09-01,-1.0,-1.8369701987210297e-16
الخالص,2012,10,25.0,17.6,33.7,45.3344,2.0279999999999996,22.2,7.1,406.46399999999994,169.7,133.11,2012-10-01,-0.8660254037844386,0.5000000000000001
بلدروز,2012,10,28.3,20.7,33.4,32.0,2.2,1.5,8.3,448.22400000000005,236.8,150.99,2012-10-01,-0.8660254037844386,0.5000000000000001
خانقين,2012,10,26.5,19.6,35.0,30.0,0.6,29.8,6.715870967741935,386.976,249.0,,2012-10-01,-0.8660254037844386,0.5000000000000001
الخالص,2012,11,16.0,12.1,24.2,63.872,1.3792,59.3,5.7,297.888,103.41,65.57,2012-11-01,-0.5000000000000004,0.8660254037844384
بلدروز,2012,11,19.4,12.3,22.9,66.0,1.8,43.0,5.7,300.672,98.2,68.17,2012-11-01,-0.5000000000000004,0.8660254037844384
خانقين,2012,11,18.6,13.9,25.5,72.0,0.6,170.4,7.0184404761904755,325.72799999999995,126.3,,2012-11-01,-0.5000000000000004,0.8660254037844384
الخالص,2012,12,11.0,6.7,17.7,64.4688,2.3207999999999998,41.4,5.370967741935484,258.91200000000003,60.6,57.12,2012-12-01,-2.4492935982947064e-16,1.0
بلدروز,2012,12,13.8,7.7,18.7,72.0,2.5,85.3,6.0,278.4,71.0,55.15,2012-12-01,-2.4492935982947064e-16,1.0
خانقين,2012,12,12.8,8.3,19.7,72.0,0.6,10.8,5.798573853989814,261.696,75.6,,2012-12-01,-2.4492935982947064e-16,1.0
الخالص,2013,1,8.9,5.1,16.1,66.4288,2.6872,67.5,5.729032258064513,286.752,68.6,53.61,2013-01-01,0.49999999999999994,0.8660254037844387
بلدروز,2013,1,12.5,7.4,17.2,63.0,2.9,56.4,5.6,286.752,60.0,61.92,2013-01-01,0.49999999999999994,0.8660254037844387
خانقين,2013,1,10.8,9.8,17.9,78.0,0.8,72.7,4.8,256.128,41.6,,2013-01-01,0.49999999999999994,0.8660254037844387
الخالص,2013,2,12.9,9.0,20.2,60.556799999999996,3.1447999999999996,9.9,7.771428571428571,406.46399999999994,73.4,77.61,2013-02-01,0.8660254037844386,0.5000000000000001
بلدروز,2013,2,15.3,9.5,21.0,58.0,2.8,5.3,8.3,425.952,87.8,79.41,2013-02-01,0.8660254037844386,0.5000000000000001
خانقين,2013,2,13.8,8.0,21.5,64.0,0.6,6.7,5.5731579310344825,334.08,175.132704,,2013-02-01,0.8660254037844386,0.5000000000000001
الخالص,2013,3,18.1,10.3,24.0,49.9296,3.1919999999999993,0.1,7.409677419354838,473.28,144.1,123.55,2013-03-01,1.0,6.123233995736766e-17
بلدروز,2013,3,20.3,13.8,26.5,40.0,3.8,87.0,8.1,501.1199999999999,204.4,157.34,2013-03-01,1.0,6.123233995736766e-17
خانقين,2013,3,17.7,10.9,26.0,60.0,0.8,0.9,7.2,462.144,232.4,,2013-03-01,1.0,6.123233995736766e-17
الخالص,2013,4,22.0,13.1,30.9,46.4928,2.56,1.7,9.31,615.264,191.6,158.99,2013-04-01,0.8660254037844387,-0.4999999999999998
بلدروز,2013,4,25.5,18.1,32.2,26.0,2.6,0.7,9.3,618.0479999999999,248.0,182.3,2013-04-01,0.8660254037844387,-0.4999999999999998
خانقين,2013,4,23.9,16.4,32.2,44.0,0.6,6.3,8.6,584.64,304.088,,2013-04-01,0.8660254037844387,-0.4999999999999998
الخالص,2013,5,28.3,18.0,33.9,34.553599999999996,2.1264000000000003,8.0,7.800000000000002,595.776,205.8,179.37,2013-05-01,0.49999999999999994,-0.8660254037844387
بلدروز,2013,5,27.6,22.0,33.4,47.0,2.3,175.3,7.4,579.072,244.4,172.42,2013-05-01,0.49999999999999994,-0.8660254037844387
خانقين,2013,5,27.2,21.0,34.9,31.0,0.8,25.7,6.9,556.8,378.76000000000005,,2013-05-01,0.49999999999999994,-0.8660254037844387
الخالص,2013,6,32.6,20.0,40.7,24.0,3.9,0.0,11.126666666666669,740.5440000000001,350.2,281.74,2013-06-01,1.2246467991473532e-16,-1.0
بلدروز,2013,6,34.6,26.5,42.1,19.0,3.3,0.0,11.5,757.248,430.7,280.21,2013-06-01,1.2246467991473532e-16,-1.0
خانقين,2013,6,34.0,25.2,42.7,23.0,0.5,0.0,9.9,690.432,472.9464,,2013-06-01,1.2246467991473532e-16,-1.0
الخالص,2013,7,34.8,22.7,43.4,24.0,3.4,0.0,11.464516129032258,746.1120000000001,471.5,294.2,2013-07-01,-0.4999999999999997,-0.8660254037844388
بلدروز,2013,7,38.1,28.9,45.2,16.0,3.4,0.0,11.6,751.6800000000001,504.9,313.85,2013-07-01,-0.4999999999999997,-0.8660254037844388
خانقين,2013,7,36.3,27.1,45.8,28.0,0.5,0.0,10.8,718.272,601.3,,2013-07-01,-0.4999999999999997,-0.8660254037844388
الخالص,2013,8,33.6,22.2,43.2,29.0,2.6,0.0,11.558064516129033,718.272,336.7,246.98,2013-08-01,-0.8660254037844384,-0.5000000000000004
بلدروز,2013,8,37.6,27.0,44.7,18.0,2.1,0.0,11.6,721.056,403.4,237.53,2013-08-01,-0.8660254037844384,-0.5000000000000004
خانقين,2013,8,35.7,26.6,45.0,25.0,0.6,0.0,10.1,657.024,562.0672000000001,,2013-08-01,-0.8660254037844384,-0.5000000000000004
الخالص,2013,9,30.2,24.8,40.0,31.0,2.0,0.0,10.309999999999999,601.344,259.4,191.29,2013-09-01,-1.0,-1.8369701987210297e-16
بلدروز,2013,9,32.0,23.6,41.1,24.0,2.0,0.0,10.7,618.0479999999999,327.8,196.87,2013-09-01,-1.0,-1.8369701987210297e-16
خانقين,2013,9,31.0,22.7,41.3,29.0,0.6,0.0,10.0,584.64,410.88800000000003,,2013-09-01,-1.0,-1.8369701987210297e-16
الخالص,2013,10,24.5,11.5,31.6,46.86000000000001,2.1135999999999995,0.1,7.1,406.46399999999994,171.0,125.97,2013-10-01,-0.8660254037844386,0.5000000000000001
بلدروز,2013,10,24.3,16.1,32.8,29.0,1.9,2.4,9.4,484.41599999999994,220.0,141.05,2013-10-01,-0.8660254037844386,0.5000000000000001
خانقين,2013,10,25.660000000000004,15.1,34.3,47.0,0.8,0.0,8.2,434.3039999999999,309.84319999999997,,2013-10-01,-0.8660254037844386,0.5000000000000001
الخالص,2013,11,15.7,10.8,23.3,65.44640000000001,1.4350399999999999,101.8,5.2,283.968,56.5,61.99,2013-11-01,-0.5000000000000004,0.8660254037844384
بلدروز,2013,11,18.6,14.1,24.2,70.0,1.8,50.3,5.3,289.536,83.1,67.48,2013-11-01,-0.5000000000000004,0.8660254037844384
خانقين,2013,11,17.119999999999997,13.2,24.6,66.0,0.9,181.1,5.6,286.752,114.53999999999999,,2013-11-01,-0.5000000000000004,0.8660254037844384
الخالص,2013,12,11.7,3.3,15.4,64.96256,2.4649600000000005,41.9,5.5,261.696,39.4,51.84,2013-12-01,-2.4492935982947064e-16,1.0
بلدروز,2013,12,12.2,5.7,17.4,65.0,2.3,27.6,5.9,275.616,75.5,55.58,2013-12-01,-2.4492935982947064e-16,1.0
خانقين,2013,12,12.279999999999998,5.7,18.2,77.0,0.9,62.0,4.8,236.64,124.30640000000001,,2013-12-01,-2.4492935982947064e-16,1.0
الخالص,2014,1,9.5,4.3,16.6,66.09456,1.9,35.2,5.3,275.616,41.6,49.89,2014-01-01,0.49999999999999994,0.8660254037844387
بلدروز,2014,1,11.1,7.0,16.0,83.0,2.2,82.9,5.0,270.048,62.7,40.85,2014-01-01,0.49999999999999994,0.8660254037844387
خانقين,2014,1,11.2,6.8,18.4,78.0,1.0,52.1,6.1,289.536,43.7,,2014-01-01,0.49999999999999994,0.8660254037844387
الخالص,2014,2,13.3,3.9,19.3,60.448159999999994,3.05376,13.0,7.5,398.112,86.0,73.61,2014-02-01,0.8660254037844386,0.5000000000000001
بلدروز,2014,2,13.3,7.1,19.9,60.0,2.3,9.1,7.6,403.68,86.7,68.48,2014-02-01,0.8660254037844386,0.5000000000000001
خانقين,2014,2,12.1,6.0,20.7,64.0,0.7,12.1,7.2,381.408,111.3,,2014-02-01,0.8660254037844386,0.5000000000000001
الخالص,2014,3,17.8,10.2,25.2,50.87552,3.2504,13.5,8.3,506.688,126.4,127.48,2014-03-01,1.0,6.123233995736766e-17
بلدروز,2014,3,19.3,13.7,25.5,51.0,3.0,46.7,5.0,389.76,149.8,115.9,2014-03-01,1.0,6.123233995736766e-17
خانقين,2014,3,17.1,11.5,25.1,60.0,0.9,49.1,6.0,420.38399999999996,91.1,,2014-03-01,1.0,6.123233995736766e-17
الخالص,2014,4,21.6,13.9,31.4,47.87136,2.552,17.9,8.0,565.1519999999999,183.5,152.35,2014-04-01,0.8660254037844387,-0.4999999999999998
بلدروز,2014,4,25.4,18.1,32.1,37.0,2.4,18.4,8.6,590.208,204.7,165.29,2014-04-01,0.8660254037844387,-0.4999999999999998
خانقين,2014,4,23.5,16.2,32.5,44.0,1.3,3.8,7.1,526.1759999999999,309.1776,,2014-04-01,0.8660254037844387,-0.4999999999999998
الخالص,2014,5,28.5,19.4,37.9,35.32431999999999,2.15168,0.5,9.3,654.2399999999999,283.8,200.69,2014-05-01,0.49999999999999994,-0.8660254037844387
بلدروز,2014,5,32.1,24.1,39.1,22.0,2.3,0.001,9.6,668.16,301.1,220.05,2014-05-01,0.49999999999999994,-0.8660254037844387
خانقين,2014,5,30.5,22.1,38.8,31.0,0.7,8.9,8.5,620.832,360.03200000000004,,2014-05-01,0.49999999999999994,-0.8660254037844387
الخالص,2014,6,33.1,21.9,41.3,27.0616,3.0184,0.1,10.9,732.192,359.0,257.15,2014-06-01,1.2246467991473532e-16,-1.0
بلدروز,2014,6,35.7,27.1,43.5,18.0,3.2,0.001,11.0,734.9759999999999,402.8,281.14,2014-06-01,1.2246467991473532e-16,-1.0
خانقين,2014,6,34.4,25.0,43.1,23.0,0.7,0.0,11.4,751.6800000000001,468.85567999999995,,2014-06-01,1.2246467991473532e-16,-1.0
الخالص,2014,7,35.2,24.6,43.6,28.0,2.4,0.0,11.5,746.1120000000001,390.0,254.32,2014-07-01,-0.4999999999999997,-0.8660254037844388
بلدروز,2014,7,37.8,29.1,45.7,17.0,3.6,0.0,11.6,751.6800000000001,478.0,320.44,2014-07-01,-0.4999999999999997,-0.8660254037844388
خانقين,2014,7,36.6,27.5,45.5,28.0,0.7,0.001,11.7,754.4639999999999,557.2296,,2014-07-01,-0.4999999999999997,-0.8660254037844388
الخالص,2014,8,35.5,24.5,44.9,26.0,2.0,0.0,11.6,718.272,388.3,236.03,2014-08-01,-0.8660254037844384,-0.5000000000000004
بلدروز,2014,8,38.0,29.2,46.6,17.0,2.7,0.0,11.4,712.7040000000001,424.6,273.93,2014-08-01,-0.8660254037844384,-0.5000000000000004
خانقين,2014,8,37.1,27.6,46.4,25.0,1.0,0.0,9.584516129032258,634.752,537.42064,,2014-08-01,-0.8660254037844384,-0.5000000000000004
الخالص,2014,9,31.2,20.6,41.1,30.0,1.6,0.0,10.4,604.1279999999999,296.9,172.4,2014-09-01,-1.0,-1.8369701987210297e-16
بلدروز,2014,9,33.3,24.9,41.8,22.0,2.3,0.0,10.6,615.264,341.2,209.76,2014-09-01,-1.0,-1.8369701987210297e-16
خانقين,2014,9,31.8,23.3,40.7,29.0,0.8,0.0,9.2,556.8,405.4656,,2014-09-01,-1.0,-1.8369701987210297e-16
الخالص,2014,10,23.6,15.7,32.4,46.0,1.9,12.8,7.3,412.032,175.0,127.13,2014-10-01,-0.8660254037844386,0.5000000000000001
بلدروز,2014,10,26.3,19.9,33.7,38.0,2.2,16.6,7.4,420.38399999999996,202.4,145.73,2014-10-01,-0.8660254037844386,0.5000000000000001
خانقين,2014,10,24.5,18.0,32.5,47.0,0.8,43.9,6.7,386.976,297.19184,,2014-10-01,-0.8660254037844386,0.5000000000000001
الخالص,2014,11,15.2,8.1,23.5,59.0,2.4,23.4,6.9,328.512,88.0,80.63,2014-11-01,-0.5000000000000004,0.8660254037844384
بلدروز,2014,11,17.1,11.7,23.8,54.0,1.9,42.1,6.7,328.512,111.8,78.7,2014-11-01,-0.5000000000000004,0.8660254037844384
خانقين,2014,11,16.4,11.0,23.6,66.0,0.8,54.9,6.7,317.376,106.9,,2014-11-01,-0.5000000000000004,0.8660254037844384
الخالص,2014,12,12.2,6.4,19.1,73.0,1.4,12.5,5.2,253.344,44.9,43.68,2014-12-01,-2.4492935982947064e-16,1.0
بلدروز,2014,12,14.3,8.9,20.9,64.0,2.1,2.2,6.3,286.752,78.0,60.36,2014-12-01,-2.4492935982947064e-16,1.0
خانقين,2014,12,13.0,8.2,19.9,77.0,0.5,31.1,6.1,270.048,47.1,,2014-12-01,-2.4492935982947064e-16,1.0
الخالص,2015,1,10.0,3.51,17.12,60.980000000000004,1.43,2.5,5.81068817204301,289.536,62.56,46.13,2015-01-01,0.49999999999999994,0.8660254037844387
بلدروز,2015,1,12.2,6.2,18.9,55.0,2.3,11.5,6.2,303.456,93.9,64.81,2015-01-01,0.49999999999999994,0.8660254037844387
خانقين,2015,1,9.9,3.1,18.4,64.0,1.4,10.4,5.4,270.048,66.08,,2015-01-01,0.49999999999999994,0.8660254037844387
الخالص,2015,2,13.0,5.86,20.28,53.36,1.68,6.9,6.645002736726875,370.27200000000005,79.96,63.28,2015-02-01,0.8660254037844386,0.5000000000000001
بلدروز,2015,2,15.0,9.1,21.4,50.0,3.1,23.9,6.6,373.05600000000004,119.9,87.43,2015-02-01,0.8660254037844386,0.5000000000000001
خانقين,2015,2,11.9,4.7,20.7,62.0,1.7,48.2,5.9,342.432,181.99924479999999,,2015-02-01,0.8660254037844386,0.5000000000000001
الخالص,2015,3,16.9,9.03,24.88,47.31999999999999,1.65,12.9,7.8975904655966955,492.76800000000003,153.71999999999997,103.57,2015-03-01,1.0,6.123233995736766e-17
بلدروز,2015,3,19.1,12.1,26.1,45.0,1.9,50.2,8.7,523.392,138.8,116.9,2015-03-01,1.0,6.123233995736766e-17
خانقين,2015,3,15.5,7.9,25.1,56.0,1.7,26.3,6.5,437.0879999999999,179.32,,2015-03-01,1.0,6.123233995736766e-17
الخالص,2015,4,22.1,13.08,30.29,37.5,1.89,0.0,7.89172906403941,562.3679999999999,197.32,140.68,2015-04-01,0.8660254037844387,-0.4999999999999998
بلدروز,2015,4,25.1,16.9,31.9,28.0,3.1,3.8,9.7,634.752,285.5,191.46,2015-04-01,0.8660254037844387,-0.4999999999999998
خانقين,2015,4,20.4,11.4,32.5,42.0,1.8,0.0,7.2,531.7439999999999,287.49312,,2015-04-01,0.8660254037844387,-0.4999999999999998
الخالص,2015,5,29.0,19.28,37.6,31.044999999999998,1.87,2.4,8.10774193548387,606.912,262.58000000000004,185.31,2015-05-01,0.49999999999999994,-0.8660254037844387
بلدروز,2015,5,32.5,24.5,39.9,22.0,2.3,1.6,9.3,657.024,343.8,220.07,2015-05-01,0.49999999999999994,-0.8660254037844387
خانقين,2015,5,28.2,19.0,38.8,26.0,1.8,3.5,7.1,565.1519999999999,352.0384,,2015-05-01,0.49999999999999994,-0.8660254037844387
الخالص,2015,6,33.2,23.98,41.18,24.43,2.17,0.0,10.387142857142859,709.92,373.14,223.36,2015-06-01,1.2246467991473532e-16,-1.0
بلدروز,2015,6,36.3,28.7,43.8,16.0,4.6,0.0,11.7,765.5999999999999,486.0,344.65,2015-06-01,1.2246467991473532e-16,-1.0
خانقين,2015,6,32.2,22.8,43.1,21.0,1.7,0.0,9.6,676.512,472.174816,,2015-06-01,1.2246467991473532e-16,-1.0
الخالص,2015,7,36.5,26.43,45.52,20.895,1.98,0.0,11.028236559139785,726.624,429.64,237.83,2015-07-01,-0.4999999999999997,-0.8660254037844388
بلدروز,2015,7,39.3,30.2,47.2,17.0,3.2,0.0,11.2,734.9759999999999,488.4,307.89,2015-07-01,-0.4999999999999997,-0.8660254037844388
خانقين,2015,7,35.6,25.7,45.5,19.0,1.5,0.0,10.1,690.432,553.1675200000001,,2015-07-01,-0.4999999999999997,-0.8660254037844388
الخالص,2015,8,35.7,25.97,44.81,23.875,1.73,0.0,11.417849462365592,709.92,371.24,218.72,2015-08-01,-0.8660254037844384,-0.5000000000000004
بلدروز,2015,8,38.8,30.0,47.5,20.0,2.9,0.0,11.4,712.7040000000001,475.2,288.98,2015-08-01,-0.8660254037844384,-0.5000000000000004
خانقين,2015,8,35.0,24.8,46.4,21.0,1.3,0.0,9.6,634.752,535.264768,,2015-08-01,-0.8660254037844384,-0.5000000000000004
الخالص,2015,9,32.3,23.13,41.82,28.65,1.47,5.8,10.08,592.992,285.9,168.28,2015-09-01,-1.0,-1.8369701987210297e-16
بلدروز,2015,9,35.2,27.2,43.5,23.0,2.2,0.0,9.0,556.8,335.4,203.45,2015-09-01,-1.0,-1.8369701987210297e-16
خانقين,2015,9,32.7,24.0,40.7,21.0,1.1,0.0,9.1,551.232,396.43872,,2015-09-01,-1.0,-1.8369701987210297e-16
الخالص,2015,10,25.7,18.78,33.51,46.0,1.44,6.5,7.685304347826086,425.952,185.51999999999998,119.88,2015-10-01,-0.8660254037844386,0.5000000000000001
بلدروز,2015,10,28.4,22.5,35.9,38.0,2.3,106.8,7.2,412.032,231.4,157.8,2015-10-01,-0.8660254037844386,0.5000000000000001
خانقين,2015,10,25.6,18.0,32.5,41.0,1.8,141.0,7.1,400.896,286.23420799999997,,2015-10-01,-0.8660254037844386,0.5000000000000001
الخالص,2015,11,15.7,10.56,22.1,68.26,1.16,0.8,6.826266666666667,325.72799999999995,91.902,59.88,2015-11-01,-0.5000000000000004,0.8660254037844384
بلدروز,2015,11,16.4,12.4,22.7,71.0,1.9,76.5,7.4,348.0,89.8,70.59,2015-11-01,-0.5000000000000004,0.8660254037844384
خانقين,2015,11,15.8,9.4,23.6,67.0,1.2,90.2,6.7,317.376,116.128,,2015-11-01,-0.5000000000000004,0.8660254037844384
الخالص,2015,12,10.1,4.48,16.83,65.92,1.39,26.82,5.725672969966629,267.264,57.4,44.0,2015-12-01,-2.4492935982947064e-16,1.0
بلدروز,2015,12,11.0,6.8,16.8,75.0,1.8,54.6,6.7,295.104,53.9,44.29,2015-12-01,-2.4492935982947064e-16,1.0
خانقين,2015,12,10.6,4.2,19.9,69.0,1.2,72.3,5.7,258.91200000000003,87.08768,,2015-12-01,-2.4492935982947064e-16,1.0
الخالص,2016,1,9.6,4.31,15.59,63.8,1.71,5.6,5.686159139784945,286.752,57.352,45.17,2016-01-01,0.49999999999999994,0.8660254037844387
بلدروز,2016,1,10.7,6.4,16.2,70.0,2.2,28.2,6.1,300.672,80.6,55.42,2016-01-01,0.49999999999999994,0.8660254037844387
خانقين,2016,1,9.0,3.2,16.8,71.0,1.3,24.6,5.3,267.264,49.815999999999995,,2016-01-01,0.49999999999999994,0.8660254037844387
الخالص,2016,2,14.0,7.86,20.77,60.32,1.78,26.5,6.805431855500821,375.84000000000003,79.55199999999999,63.22,2016-02-01,0.8660254037844386,0.5000000000000001
بلدروز,2016,2,15.6,9.5,21.0,59.0,2.7,29.4,7.6,403.68,115.2,76.31,2016-02-01,0.8660254037844386,0.5000000000000001
خانقين,2016,2,12.8,5.5,19.1,65.0,1.4,38.3,6.1,348.0,147.15909376,,2016-02-01,0.8660254037844386,0.5000000000000001
الخالص,2016,3,17.0,10.2,23.85,55.23,1.9,12.8202,7.9530879855924566,495.552,155.004,102.3,2016-03-01,1.0,6.123233995736766e-17
بلدروز,2016,3,19.0,12.9,24.6,51.0,2.4,20.3,7.5,481.63200000000006,161.2,114.27,2016-03-01,1.0,6.123233995736766e-17
خانقين,2016,3,15.4,8.4,23.1,61.0,1.5,44.0,6.7,445.43999999999994,162.94400000000002,,2016-03-01,1.0,6.123233995736766e-17
الخالص,2016,4,22.8,14.67,30.93,48.269999999999996,1.47,60.1,8.00248866995074,565.1519999999999,203.404,127.53,2016-04-01,0.8660254037844387,-0.4999999999999998
بلدروز,2016,4,25.4,17.8,32.1,43.0,2.0,69.4,9.4,620.832,227.2,155.77,2016-04-01,0.8660254037844387,-0.4999999999999998
خانقين,2016,4,21.0,12.5,29.5,52.0,1.6,44.4,7.3,534.528,281.051744,,2016-04-01,0.8660254037844387,-0.4999999999999998
الخالص,2016,5,28.3,19.34,36.24,36.94,1.62,2.8802000000000003,7.846064516129033,595.776,263.476,169.67,2016-05-01,0.49999999999999994,-0.8660254037844387
بلدروز,2016,5,31.4,24.2,37.2,26.0,2.6,4.1,9.7,673.7279999999998,322.1,222.51,2016-05-01,0.49999999999999994,-0.8660254037844387
خانقين,2016,5,26.8,17.8,37.5,38.0,1.9,4.6,7.1,565.1519999999999,341.54607999999996,,2016-05-01,0.49999999999999994,-0.8660254037844387
الخالص,2016,6,33.0,22.82,41.46,30.244999999999997,1.67,0.04,10.509904761904764,715.488,370.52799999999996,203.28,2016-06-01,1.2246467991473532e-16,-1.0
بلدروز,2016,6,36.2,27.5,42.1,21.0,2.3,0.0,10.9,732.192,370.1,237.98,2016-06-01,1.2246467991473532e-16,-1.0
خانقين,2016,6,32.2,22.9,41.5,23.0,1.8,0.0,9.8,684.864,461.24977920000003,,2016-06-01,1.2246467991473532e-16,-1.0
الخالص,2016,7,35.6,25.59,44.51,27.224999999999998,1.71,0.0,11.070550537634409,732.192,429.688,223.92,2016-07-01,-0.4999999999999997,-0.8660254037844388
بلدروز,2016,7,38.8,29.8,45.3,18.0,2.8,0.0,11.4,743.3279999999999,449.3,283.16,2016-07-01,-0.4999999999999997,-0.8660254037844388
خانقين,2016,7,35.0,25.2,45.5,20.0,1.3,0.0,10.3,696.0,548.9394239999999,,2016-07-01,-0.4999999999999997,-0.8660254037844388
الخالص,2016,8,35.6,25.29,45.83,28.91,1.34,0.0,11.449806451612904,709.92,377.188,206.58,2016-08-01,-0.8660254037844384,-0.5000000000000004
بلدروز,2016,8,39.1,30.1,47.1,19.0,2.6,0.0,11.0,696.0,445.7,269.08,2016-08-01,-0.8660254037844384,-0.5000000000000004
خانقين,2016,8,35.8,25.5,45.2,19.0,1.0,0.0,9.7,640.3199999999999,524.8817216,,2016-08-01,-0.8660254037844384,-0.5000000000000004
الخالص,2016,9,29.8,19.86,39.4,34.64,1.29,1.18,10.247333333333334,598.5600000000001,284.58000000000004,158.16,2016-09-01,-1.0,-1.8369701987210297e-16
بلدروز,2016,9,32.8,24.6,40.0,23.0,2.5,0.0,10.2,601.344,333.7,212.65,2016-09-01,-1.0,-1.8369701987210297e-16
خانقين,2016,9,29.4,19.7,41.5,25.0,1.1,0.0,9.3,559.584,394.38646400000005,,2016-09-01,-1.0,-1.8369701987210297e-16
الخالص,2016,10,24.0,15.61,33.31,40.63,1.03,9.1402,7.411060869565217,414.816,177.904,104.7,2016-10-01,-0.8660254037844386,0.5000000000000001
بلدروز,2016,10,27.7,19.7,35.5,25.0,1.9,0.001,11.0,534.528,239.0,145.41,2016-10-01,-0.8660254037844386,0.5000000000000001
خانقين,2016,10,24.8,15.4,33.3,28.0,1.4,0.0,7.1,400.896,275.05384960000004,,2016-10-01,-0.8660254037844386,0.5000000000000001
الخالص,2016,11,16.1,8.51,25.11,39.75,1.73,37.260400000000004,6.389920000000001,317.376,87.1824,82.15,2016-11-01,-0.5000000000000004,0.8660254037844384
بلدروز,2016,11,17.0,14.6,41.3,35.0,2.0,0.001,7.1,339.6479999999999,127.6,128.67,2016-11-01,-0.5000000000000004,0.8660254037844384
خانقين,2016,11,16.0,8.2,22.2,37.0,2.0,15.5,6.4,309.02399999999994,111.37360000000001,,2016-11-01,-0.5000000000000004,0.8660254037844384
الخالص,2016,12,11.3,4.196,17.285999999999998,66.515072,1.971952,25.503999999999998,5.59725917686318,264.48,55.48,49.57,2016-12-01,-2.4492935982947064e-16,1.0
بلدروز,2016,12,11.1,9.7,36.3,60.0,2.1,38.4,4.9,250.55999999999995,77.0,104.51,2016-12-01,-2.4492935982947064e-16,1.0
خانقين,2016,12,9.7,4.0,17.0,71.0,1.7,28.3,5.6,258.91200000000003,91.245216,,2016-12-01,-2.4492935982947064e-16,1.0
